Accession Number,Gene Name
AAC76954.1,tufB
AAC76345.1,rplC
AAC76328.1,rpsE
AAC74990.1,fliC
AAC77103.1,groL
AAC73134.1,rpsT
AAC76344.1,rplD
AAC76334.1,rplX
AAC76329.1,rplR
AAC76367.1,rpsL
AAC76326.1,rplO
AAC76263.1,rplM
AAC73997.1,rpsA
AAC76340.1,rplV
AAC74220.1,icd
AAC76779.1,ilvC
AAC76366.1,rpsG
AAC76332.1,rpsN
AAC76335.1,rplN
AAC76342.1,rplB
AAC76101.1,rpsU
AAC76958.1,rplA
AAC76218.1,rplU
AAC76661.1,rpmB
AAC73144.1,carB
AAC76832.1,metE
AAC75821.1,eno
AAC76365.1,fusA
AAC76961.1,rpoB
AAC76962.1,rpoC
AAC76262.1,rpsI
AAC76974.1,hupA
AAC76341.1,rpsS
AAC74849.1,gapA
AAC76569.1,dppA
AAC76327.1,rpmD
AAC74325.1,oppA
AAC77160.1,rplI
AAC76321.1,rpsD
AAC76959.1,rplJ
AAC73225.1,aceE
AAC76957.1,rplK
AAC76343.1,rplW
AAC76322.1,rpsK
AAC76867.1,glnA
AAC76205.1,argG
AAC74319.1,hns
AAC73125.1,dnaK
AAC76319.1,rplQ
AAC75469.1,ptsI
AAC76331.1,rpsH
AAC73226.1,aceF
AAC76244.2,gltB
AAC76726.1,rpmH
AAC76202.1,infB
AAC76333.1,rplE
AAC74831.1,gdhA
AAC73543.1,hupB
AAC76346.1,rpsJ
AAC73280.1,rpsB
AAC76245.1,gltD
AAC75604.1,glyA
AAC73229.1,acnB
AAC74782.1,ihfA
AAC76320.1,rpoA
AAC75963.1,pgk
AAC73227.1,lpd
AAT48185.1,livJ
AAC77157.5,rpsF
AAC76330.1,rplF
AAC75369.1,hisJ
AAC75950.1,serA
AAC76203.1,nusA
AAC76755.1,atpD
AAC77159.1,rpsR
AAC76908.1,glpK
AAC76788.1,rho
AAC75561.1,guaB
AAC76198.2,pnp
AAC76337.1,rpmC
AAC76757.1,atpA
AAC73822.1,sucC
AAC75467.1,cysK
AAC76985.1,aceA
AAC73119.1,talB
AAC73576.1,adk
AAC75579.1,hscA
AAC75805.1,cysI
AAC76268.1,mdh
AAC73281.1,tsf
AAC73113.1,thrA
AAT48142.1,iscS
AAC77201.1,pyrI
AAC75716.1,stpA
AAC75299.1,glpQ
AAC73821.1,sucB
AAC75979.1,metK
AAC73823.1,sucD
AAC73183.1,leuC
AAC74987.1,tcyJ
AAT48232.1,bipA
AAC77134.1,purA
AAC76451.1,glpD
AAC74323.1,adhE
AAC76938.1,ppc
AAC73841.1,aroG
AAC73539.1,tig
AAC77200.2,ridA
AAC74746.1,pykF
AAC77102.1,groS
AAC75529.1,purC
AAC74406.1,tpx
AAC76339.1,rpsC
AAC75370.1,argT
AAC75478.1,cysP
AAC74043.1,ompA
AAC75655.1,rplS
AAC76336.1,rpsQ
AAC73989.1,pflB
AAC75291.1,gyrA
AAC73842.1,gpmA
AAC76217.1,rpmA
AAC77329.1,osmY
AAC73115.1,thrC
AAC76960.1,rplL
AAC75470.1,crr
AAC74958.1,crr
AAC75632.1,grcA
AAC76338.1,rplP
AAC73164.1,surA
AAC73998.1,ihfB
AAC73706.1,ahpC
AAC75806.1,cysJ
AAC74211.1,pepT
AAC75533.1,bcp
AAC74534.1,yncE
AAC77202.1,pyrB
AAC75739.1,alaS
AAC76483.1,livK
AAC73947.1,artJ
AAC73143.1,carA
AAC74783.1,pheT
AAC77311.1,tsr
AAC77344.1,ettA
AAC73277.1,dapD
AAC76458.1,asd
AAC73756.1,gltI
AAC75929.1,prfB
AAT48143.1,purL
AAC74368.1,rnb
AAC73975.1,lrp
AAC76756.1,atpG
AAC75068.2,tmaR
AAC74207.1,potD
AAC75822.1,pyrG
AAC75211.1,mglB
AAC73820.1,sucA
AAC73289.1,skp
AAC75641.1,clpB
AAC76983.1,metA
AAC75962.1,fbaA
AAC77183.1,ppa
AAC73283.1,frr
AAC75383.1,fabB
AAT48155.1,tktA
AAC74356.1,topA
AAC73206.1,ftsZ
AAC74370.1,fabI
AAC75090.1,gnd
AAC76283.2,mreB
AAC74287.1,ychF
AAC75357.1,pta
AAC75157.2,gatY
AAC74178.1,acpP
AAC73993.1,serC
AAC76583.1,glyS
AAC73950.1,artI
AAC75551.2,upp
AAC76994.1,lysC
AAC75080.1,hisG
AAC73256.1,dksA
AAC73814.1,gltA
AAC74291.1,prs
AAC74934.1,yebC
AAC73137.1,ileS
AAC76323.1,rpsM
AAC74786.1,rplT
AAC74146.1,pyrC
AAC76901.1,tpiA
AAC76103.1,rpoD
AAC74215.1,purB
AAC76774.1,rbsB
AAC74148.1,grxB
AAC76890.1,sodA
AAC75738.1,csrA
AAC74726.1,grxD
AAC74016.1,asnS
AAC75734.1,luxS
AAC73743.1,leuS
AAC75516.1,maeB
AAC75376.1,accD
AAC75214.1,folE
AAC73888.1,hcxB
AAC74747.1,lpp
AAC74784.1,pheS
AAC75582.1,iscU
AAC76968.1,thiC
AAC74010.1,mukB
AAC75081.1,hisD
AAC76372.1,fkpA
AAC75457.1,gltX
AAC77164.2,fklB
AAC74040.1,fabA
AAC73627.1,ppiB
AAC76899.1,sbp
AAC76643.1,rfaD
AAC73308.1,metQ
AAC77215.1,valS
AAC75571.1,ndk
AAC76942.1,argH
AAC75793.1,cysN
AAC76213.2,greA
AAC74986.2,dcyD
AAC75246.1,rplY
AAC74342.1,trpA
AAC76660.1,rpmG
AAC74922.1,zwf
AAC75928.1,lysS
AAC74850.2,yeaD
AAC74177.1,fabG
AAC73179.1,thiB
AAC74168.1,rne
AAC74351.1,rluB
AAC73185.1,leuA
AAC73707.2,ahpF
AAC75975.1,speA
AAC76898.1,pfkA
AAC73778.1,fldA
AAC76924.1,katG
AAC76668.1,yicC
AAC73305.1,proS
AAC76520.1,uspA
AAC76984.1,aceB
AAC75372.1,purF
AAC76786.2,trxA
AAC76918.1,rpmE
AAC74612.1,ydfG
AAD13453.1,fdhE
AAC74730.1,purR
AAC74975.1,ftnA
AAC73215.1,guaC
AAC76980.1,purH
AAC74901.2,proQ
AAC76752.1,glmS
AAC73774.1,glnS
AAC76922.1,metL
AAC73114.1,thrB
AAC76634.1,grxC
AAC74788.1,infC
AAC73265.1,hemL
AAC74956.1,tar
AAC74951.1,cheZ
AAC76989.1,metH
AAC74176.1,fabD
AAC76910.1,zapB
AAC74014.1,aspC
AAC76923.1,metF
AAC73817.1,sdhA
AAC75560.1,guaA
AAC76979.1,purD
AAC73573.1,ybaB
AAC73472.2,hemB
AAC76995.1,pgi
AAC74920.1,eda
AAC73941.1,potF
AAC75086.1,hisF
AAC75193.1,bglX
AAC75999.1,yggX
AAC77328.1,prfC
AAC75741.1,recA
AAC77170.1,cpdB
AAC74900.1,prc
AAC74299.1,kdsA
AAC73679.1,nfsB
AAC75794.1,cysD
AAC76409.1,trpS
AAC77336.1,deoB
AAC76288.1,accC
AAC73182.1,leuD
AAC76911.1,rraA
AAC76384.1,argD
AAC75103.1,galF
AAC76913.1,hslU
AAC73518.1,ribE
AAC74887.1,manX
AAC75155.1,gatA
AAC77334.1,deoC
AAC73575.1,htpG
AAC74103.1,efeO
AAC74217.2,mnmA
AAT48141.1,flu
AAC74363.1,pyrF
AAC73142.1,dapB
AAC75082.1,hisC
AAC74259.1,minD
AAC76633.1,secB
AAC75567.1,hisS
AAC76956.1,nusG
AAC73979.1,serS
AAC74772.1,ppsA
AAC74728.1,sodB
AAT48207.1,ilvE
AAC74318.1,galU
AAC75102.1,rfbB
AAC73296.1,accA
AAC75175.1,metG
AAC77004.1,malE
AAC74555.1,osmC
AAC76921.1,metB
AAC76478.1,ugpB
AAC73854.1,pgl
AAC75564.2,der
AAC74567.1,pqqL
AAC75548.1,yfgD
AAC74919.1,purT
AAC73696.1,entB
AAC73428.1,yahK
AAC74343.1,trpB
AAC76767.1,asnA
AAC76858.1,dsbA
AAC75531.1,dapA
AAC74924.1,pykA
AAT48201.1,gyrB
AAC75232.2,yeiP
AAC76324.1,rpmJ
AAC75046.1,amn
AAC77284.1,iadA
AAC75379.1,usg
AAC76215.1,obgE
AAC73907.1,ybiT
AAC74684.1,fumA
AAC74957.1,cheW
AAC76432.2,yhgF
AAC74089.1,wrbA
AAC73917.1,gsiB
AAC73376.1,argF
AAC73184.2,leuB
AAC75578.1,fdx
AAC73768.1,asnB
AAC75047.1,yeeN
AAC75158.2,fbaB
AAC75359.1,yfcD
AAC76673.1,rpoZ
AAC76636.1,gpmM
AAC75085.2,hisA
AAC76413.1,damX
AAC76415.2,aroK
AAC74936.1,aspS
AAC73850.1,modA
AAC74305.1,narL
AAC73865.1,bioD
AAC76074.1,ygiC
AAC75951.1,rpiA
AAC76751.1,pstS
AAC74819.1,xthA
AAC73974.1,trxB
AAC73759.1,ybeX
AAT48218.1,hemC
AAC74830.1,ynjH
ABD18647.1,gnsA
AAC73274.1,yaeH
AAC73267.1,erpA
AAC73777.1,fur
AAC75860.1,ptrA
AAC74179.1,fabF
AAC75658.1,rpsP
AAC73237.1,can
AAC76132.2,yqjC
AAC75083.2,hisB
AAC74848.1,msrB
AAC73541.1,clpX
AAC74160.1,flgE
AAC73245.1,panB
AAC75946.1,pepP
AAC74497.1,aldA
AAC76941.3,argB
AAC74810.1,nadE
AAC73440.1,codA
AAC73631.1,folD
AAC74119.1,ycdY
AAC75568.1,ispG
AAC74676.1,ydgH
AAC77485.1,maoP
AAC76439.1,nfuA
AAC74835.1,ydjA
AAC74709.1,tyrS
AAC77176.1,msrA
AAC73459.1,frmA
AAT48208.1,ilvD
AAC76428.1,pck
AAC73509.1,tgt
AAC76839.2,tatA
AAC73712.1,rna
AAC74132.1,opgG
AAC75942.1,gcvH
AAC76055.1,parC
AAC73782.1,pgm
AAC77189.1,fbp
AAC77217.1,pepA
AAC73804.1,ybgI
AAC74675.1,pntA
AAC75974.1,speB
AAC74386.1,pspA
AAC74143.1,solA
AAC73761.2,ybeZ
AAC74346.1,trpE
AAC74053.2,rlmI
AAC73487.2,psiF
AAC76759.1,atpF
AAC75100.1,rfbA
AAC75389.1,aroC
AAC75077.1,yeeZ
AAC76940.1,argC
AAC73244.1,panC
AAC73542.1,lon
AAC75356.1,ackA
AAC76287.1,accB
AAC76133.1,yqjD
AAC75552.1,purM
AAC76863.1,yihI
AAC77184.1,ytfQ
AAC77354.1,arcA
AAC75606.1,glnB
AAC76266.1,degQ
AAC76077.1,ribB
AAC75663.1,grpE
AAC74893.1,cspC
AAC75943.1,gcvT
AAC77007.1,malM
AAC73209.1,secA
AAC74185.1,ptsG
AAC73994.1,aroA
AAC75517.1,talA
AAC75931.1,dsbC
AAC76694.1,ilvB
AAC73781.1,seqA
AAC76862.3,yihA
AAC76523.1,prlC
AAC75959.1,yggE
AAC75635.1,trxC
AAC77212.1,rraB
AAC75576.2,pepB
AAT48180.1,malP
AAC76534.2,hdeB
AAC75657.2,rimM
AAC74685.1,manA
AAC76577.2,ghrB
AAC74170.1,rluC
AAC76201.1,rbfA
AAC76304.2,yrdA
AAC76241.2,elbB
AAC73234.1,cueO
AAC74175.1,fabH
AAC76758.1,atpH
AAC75648.1,pheA
AAC77211.1,argI
AAC73969.1,clpA
AAC76939.1,argE
AAC76293.1,fis
AAC75343.2,nuoG
AAC76754.1,atpC
AAC75995.1,yggN
AAC73282.1,pyrH
AAC73193.1,rsmH
AAC76044.1,metC
AAC75984.1,gshB
AAC73762.1,miaB
AAC75988.1,yggS
AAC75936.1,ygfZ
AAC76411.1,rpe
AAC75503.2,yffS
AAC76025.2,yghU
AAC75650.1,aroF
AAC75574.2,sseA
AAC76208.1,glmM
AAC75084.1,hisH
AAC75156.1,gatZ
AAC74155.1,flgM
AAC75991.1,rdgB
AAC73571.1,apt
AAC74151.1,yceH
AAC74611.1,dcp
AAC77349.1,rob
AAC74834.1,selD
AAC75248.1,yejL
AAC75142.1,trhP
AAC75634.1,yfiF
AAC76088.1,hldE
AAC75247.1,yejK
AAC77337.1,deoD
AAC75941.1,gcvP
AAC76626.1,yibL
AAC74172.1,yceD
AAC75101.1,rfbD
AAC76232.1,lptA
AAC74718.1,sodC
AAC77137.1,rlmB
AAC74355.1,yciN
AAC73513.1,yajD
AAC76426.2,hslO
AAC74927.2,znuA
AAC75474.1,cysM
AAC76672.1,gmk
AAC76039.1,yghA
AAC74495.2,hrpA
AAC74117.2,ghrA
AAC73270.1,mtn
AAC76967.1,thiE
AAC73887.1,ybiB
AAC74258.1,minE
AAC77021.1,qorA
AAC73236.2,hpt
AAC76374.1,slyD
AAC75726.1,proX
AAC73202.1,murC
AAC73170.1,rapA
AAC74192.2,ycfP
AAC73936.1,grxA
AAC73586.1,copA
AAC75617.1,pdxJ
AAC76221.1,murA
AAC73806.1,pxpC
AAC76012.1,glcB
AAC76105.1,nfeF
AAC73188.2,ilvI
AAC74734.1,ribC
AAC74390.1,pspE
AAC76552.1,yhjJ
AAT48211.1,wecB
AAC76753.1,glmU
AAC74004.1,kdsB
AAC76850.1,pepQ
AAC74506.3,opgD
AAC74344.3,trpC
AAC73272.1,degP
AAC75792.1,cysC
AAC75165.1,thiM
AAC76078.2,ubiK
AAC76966.2,thiF
AAC73922.1,rimO
AAC75629.1,srmB
AAC75827.1,rlmD
AAC76455.1,glgC
AAC75866.1,thyA
AAC77121.2,rsgA
AAC75484.2,yfeX
AAC74623.2,gnsB
AAC76048.2,dkgA
AAC74528.1,ydcY
AAC73835.1,pal
AAC75553.1,purN
AAC75857.1,argA
AAC74329.1,oppF
AAC73884.1,rhlE
AAC74918.1,yebG
AAC73906.1,ldtB
AAC74003.1,ycaR
AAC73364.1,mmuM
AAC74187.1,hinT
AAC76261.1,sspA
AAC76861.1,polA
AAC73159.1,folA
AAC74909.1,yebY
AAC77190.1,mpl
AAC73596.1,tesA
AAC74827.2,ynjE
AAC74284.2,dhaK
AAC75642.1,yfiH
AAC75787.1,truD
AAC73292.1,lpxA
AAC75194.1,dld
AAC73996.1,cmk
AAC73625.1,purE
AAC73529.2,yajQ
AAC73326.1,gmhA
AAC74757.1,ydiJ
AAC74658.2,ynfD
AAC74946.1,argS
AAC73516.1,nrdR
AAC74118.1,ycdX
AAC73732.1,ybeD
AAC74714.2,slyA
AAC73991.2,ycaO
AAC73844.1,galK
AAC76430.1,ompR
AAC73496.1,rdgC
AAC76065.1,ygiN
AAC76944.2,sthA
AAC75087.1,hisI
AAC77069.1,yjdM
AAC73525.1,xseB
AAC77345.2,slt
AAC76580.1,cspA
AAC74522.1,ydcS
AAC74722.1,nemA
AAT48226.1,ysgA
AAC74345.1,trpD
AAC75447.1,glk
AAC75804.1,cysH
AAC74780.1,btuE
AAC74015.1,ompF
AAC77049.1,alsB
AAC73628.1,cysS
AAC74212.2,roxA
AAT48137.1,katE
AAC75584.1,iscR
AAC76064.1,mdaB
AAC73693.1,fepB
AAC76785.1,rhlB
AAC74295.1,prfA
AAC73540.1,clpP
AAC74737.1,ydhR
AAC73342.1,gpt
AAC75643.1,rluD
AAC74897.1,kdgR
AAC74902.2,msrC
AAC76584.1,glyQ
AAC73341.1,pepD
AAC75547.1,bepA
AAC75877.1,lysA
AAC75708.1,gabD
AAC74496.1,ydcF
AAC76210.1,ftsH
AAC73840.1,ybgS
AAC75659.1,ffh
AAC73847.1,modF
AAC73836.1,cpoB
AAC74494.1,azoR
AAC75346.2,nuoC
AAC75400.1,sixA
AAT48227.1,ubiE
AAC74264.1,ycgM
AAC76693.1,ilvN
AAC75622.1,lepA
AAC74989.1,fliA
AAC75292.1,ubiG
AAC73898.1,glnH
AAC75164.1,thiD
AAC75097.1,glf
AAC73347.1,proA
AAC75586.1,suhB
AAC76453.1,glgP
AAC75939.1,bglA
AAC76906.1,fpr
AAC76307.1,tsaC
AAC75731.1,emrR
AAC73346.1,proB
AAC74214.1,phoP
AAC77025.1,aphA
AAC75033.1,hchA
AAC73279.1,map
AAC75051.1,ldtA
AAC73139.1,fkpB
AAC74314.1,purU
AAC74260.1,minC
AAC76614.1,selB
AAC73460.2,frmR
AAC73489.1,proC
AAC73608.1,allR
AAC76381.1,yhfA
AAC75938.1,yqfB
ABD18701.1,yheV
AAC74763.1,aroD
AAC75269.1,eco
AAC75788.1,ispF
AAC74415.1,uspE
AAC76013.1,glcG
AAC75873.1,tas
AAC73254.2,pcnB
AAC74952.1,cheY
AAC73324.1,ivy
AAC73432.1,yahO
AAC74031.1,pyrD
AAC73977.2,lolA
AAC73427.1,yahJ
AAC73957.1,ltaE
AAC76163.1,prlF
AAC77348.1,ytjC
AAC73544.1,ppiD
AAC75326.1,elaB
AAC76269.1,argR
AAC74049.2,mgsA
AAC76816.1,uvrD
AAC76425.1,hslR
AAC74013.1,gloC
AAC73583.1,ybaK
AAC73494.1,ppnP
AAC75385.1,yfcL
REVERSE_AAC77305.1,yfcL
AAD13449.1,dtd
AAC74683.1,fumC
AAC73915.1,iaaA
AAC76196.2,deaD
AAC73899.1,dps
AAC73694.1,entC
AAC75468.1,ptsH
AAC76506.1,nikR
AAC74191.1,nagZ
AAC75735.1,gshA
AAC73582.1,ushA
AAC75985.2,yqgE
AAC74087.1,agp
AAC75347.1,nuoB
AAC77171.1,cysQ
AAT48124.1,yaeP
AAC76060.1,ygiW
AAC74162.1,flgG
AAC74065.1,appA
AAC74462.1,ldhA
AAC73925.2,gstB
AAC75375.1,folC
AAC75646.1,raiA
AAC75518.1,tktB
AAC77011.2,plsB
AAC76943.1,oxyR
AAC74333.2,yciI
AAC75620.1,rnc
AAC77024.1,tyrB
AAC74853.1,yeaG
AAC77107.1,efp
AAT48170.1,tdcE
AAC77132.1,hflC
AAC73733.1,dacA
AAC74261.1,ycgJ
AAC77130.1,hflX
AAC73511.1,secD
AAC75403.2,yfcZ
AAC75948.1,zapA
AAC77136.2,rnr
AAC76090.1,ygiF
AAC73353.1,ykfB
AAC75856.2,amiC
AAC74691.1,hdhA
AAC74359.1,ribA
AAC74154.1,flgN
AAC74512.1,tehB
AAC74973.2,yecJ
AAC73565.1,acrA
AAC76834.1,udp
AAC75244.1,rsuA
AAC73231.1,speD
AAC73914.1,moeA
AAC76764.1,mnmG
AAC74560.1,ddpA
AAT48129.1,oppD
AAC77192.1,tldE
AAC73909.1,ybiV
AAC76551.2,kdgK
AAC76992.1,rluF
AAC76441.1,malQ
AAC73491.1,aroL
AAC74674.1,pntB
AAC74204.2,pntB
AAC75354.2,yfbU
AAC73199.1,murD
AAC74282.4,dhaM
AAC74997.1,yedF
AAC74008.1,mukF
AAC76219.1,ispB
AAC74655.1,ynfB
AAC74426.1,ttcA
AAC76224.1,mlaC
AAC74656.1,speG
AAC75174.2,mrp
AAC76684.1,nlpA
AAC75073.1,tsuB
AAC76265.2,zapG
AAC77305.1,hsdM
AAC76200.1,truB
AAC73535.1,cyoA
AAC73553.1,glnK
AAC73738.2,rsfS
AAC76720.1,yidA
AAC73140.1,ispH
AAC74980.2,uvrC
AAC74813.1,spy
AAC73771.1,nagA
AAC76148.2,tdcF
AAC75712.1,kbp
AAC73189.1,ilvH
AAC77039.1,acs
AAC74255.2,ymgD
AAT48235.1,cpxP
AAC74752.1,sufC
AAC76736.1,yieF
AAC73818.1,sdhB
AAC77019.3,dusA
AAC74009.2,mukE
AAC74034.1,rlmL
AAC76190.1,yhbS
AAT48228.1,tatB
AAC73485.1,iraP
AAC76234.1,rpoN
AAT48205.1,yieP
AAC73120.1,mog
AAC73574.1,recR
AAC76071.2,tolC
AAC73526.1,thiI
AAC73711.1,rnk
AAC73212.1,yacG
AAC76236.1,ptsN
AAC76373.1,slyX
AAC75656.1,trmD
AAC77335.1,deoA
AAC74358.1,acnA
AAC74753.2,sufB
AAC73330.1,dinJ
AAC73242.1,panD
AAC75327.1,elaA
AAC77220.1,yjgR
AAC73843.1,galM
AAC77341.1,serB
AAC75088.2,wzzB
AAC74166.1,flgK
AAC74018.1,pepN
AAC74592.1,tam
AAC73468.2,tauA
AAC74271.1,fadR
AAC73724.1,cspE
AAC73220.1,nadC
AAC73866.1,uvrB
AAC73486.2,phoA
AAC76382.1,crp
AAC74210.1,potA
AAC77356.1,yjtD
AAC75554.1,ppk
AAC74971.1,araF
AAC76765.1,mioC
AAC76410.1,gph
AAC74959.1,motB
AAC77324.1,rsmC
AAC74167.1,flgL
AAC74756.1,menI
AAC76575.3,bisC
AAC73780.1,ybfF
AAC73772.1,nagB
AAC77023.1,alr
AAC73896.1,glnQ
AAC76969.1,rsd
AAC76047.1,yqhD
AAC73232.1,speE
AAC74877.1,tsaB
AAC75575.2,sseB
AAC75390.2,prmB
AAC77179.1,ytfP
AAC75380.1,pdxB
AAC76965.2,thiG
AAC73734.1,rlpA
AAC74353.1,yciK
AAC74381.1,puuR
AAC77122.2,orn
AAC76285.1,yhdH
AAC74857.1,yeaK
AAC74809.1,osmE
AAC74278.1,ycgR
AAC74135.2,msyB
AAC76907.1,glpX
AAC76971.1,hemE
AAC75649.1,tyrA
AAC74799.1,tcyP
AAC73872.1,moaE
AAC77029.1,ssb
AAC77131.1,hflK
AAC75577.1,iscX
AAC75581.1,iscA
AAC75633.1,ung
AAC76615.1,selA
AAC74824.2,ynjB
AAC76472.1,ggt
AAC74552.2,maeA
AAC74774.1,aroH
AAC77308.2,yjiA
AAC75294.1,nrdA
AAC74364.2,yciH
AAC75996.2,yggL
AAC74201.2,lolD
AAC76089.1,glnE
AAC77316.2,yjjA
AAC75605.1,hmp
AAC77095.2,yjdC
AAC74707.1,gstA
AAC76914.1,hslV
AAC76856.1,yihD
AAC73846.1,galE
AAC75005.1,fliF
AAC74994.1,amyA
AAC77148.1,ulaR
AAC75350.1,alaA
AAC73859.1,ybhC
AAC74335.1,yciA
AAC74163.1,flgH
AAC73752.1,rihA
AAC75585.1,trmJ
AAC77306.2,hsdR
AAC76632.1,gpsA
AAC74088.1,yccJ
AAC76497.2,dcrB
AAC74837.1,ansA
AAC75126.1,dcd
AAC74940.1,cmoA
AAC77346.1,trpR
AAT48193.1,avtA
AAC77028.1,uvrA
AAC74159.1,flgD
AAC73708.1,uspG
AAC75322.1,menB
ABD18704.1,yibT
AAC73938.1,nfsA
AAC77343.2,nadR
AAC73492.1,yaiA
AAC76810.1,cyaY
AAC75295.1,nrdB
AAC73343.1,frsA
AAC73500.1,sbcC
AAC74797.1,hxpB
AAC75524.1,yffB
AAC76920.1,metJ
AAC73288.1,bamA
AAC74637.1,relB
AAC73162.1,rsmA
AAC75861.1,recC
AAC74376.1,sapA
AAT48245.1,yjgM
AAC73537.2,yajG
AAC74723.1,gloA
AAC74881.1,yoaH
AAC74694.1,malY
AAC77209.2,tabA
AAC75719.2,ygaM
AAC76279.2,rng
AAC76630.1,trmL
AAC73160.1,apaH
AAC74405.1,tyrR
AAC76915.1,ftsN
AAC75464.1,ligA
AAC76306.1,aroE
AAC76664.1,aroE
AAC74838.2,pncA
AAC74945.2,yecM
AAC75192.1,osmF
AAC76525.1,gor
AAC75627.1,nadB
AAC74458.2,uspF
AAC73568.1,ybaM
AAC76464.1,yhhW
AAC74366.1,yciT
AAC74438.1,racR
AAC74912.1,holE
AAC76140.1,yhaJ
AAC75154.1,gatB
AAC75345.1,nuoE
AAC73579.1,gsk
AAC76904.1,yiiS
AAC76952.1,coaA
AAC74017.1,pncB
AAC75570.1,rlmN
AAC74589.1,lsrB
AAC74710.1,pdxH
AAC76892.2,yiiM
AAC73290.1,lpxD
AAC76729.1,mnmE
AAC73624.1,purK
AAC73953.1,ybjQ
AAC74530.1,mnaT
AAC77347.2,yjjX
AAC76637.2,envC
AAC75072.1,sbcB
AAC75644.1,bamD
AAC74682.1,tus
AAC75840.2,ygdG
AAC75099.1,rfbC
AAC75569.1,rodZ
AAC76866.1,glnL
AAC76312.1,def
AAC75525.1,dapE
AAC75528.1,ypfJ
AAC74937.2,yecD
AAC73870.1,moaC
AAC75846.1,fucU
AAC75344.1,nuoF
AAC76264.1,zapE
AAC77339.1,lplA
AAC76129.2,exuR
AAC76181.1,lpoA
AAC75983.2,rsmE
AAC76258.1,nanR
AAC74035.1,uup
AAC76489.1,ftsY
AAC75853.1,csdE
AAC76917.1,priA
AAC76710.1,ibpA
AAC76024.1,gss
AAC76566.1,dppD
AAC73508.1,queA
AAC77278.1,uxuA
AAC76727.1,rnpA
AAC74161.1,flgF
AAC74330.2,yciU
AAC74140.1,yceI
AAC73448.1,lacI
AAC76414.1,aroB
AAC75363.1,folX
AAC73837.1,nadA
AAT48238.1,nudC
AAC76528.1,arsC
AAC75723.1,nrdF
AAC75353.2,hxpA
AAC77104.2,yjeI
AAC73197.1,murF
AAC75362.1,yfcG
AAC76659.1,mutM
AAC76905.1,uspD
AAC74416.1,fnr
AAC75947.2,ygfB
AAC73230.2,yacL
AAC75709.1,gabT
AAC76119.2,rlmG
AAC73479.1,ampH
AAC76631.1,cysE
AAC73136.1,ribF
AAC76422.1,nudE
AAC73524.1,ispA
AAC73572.1,dnaX
AAC75510.2,eutM
AAC75361.1,yfcF
AAC75204.1,cdd
AAC75835.1,syd
AAC73291.1,fabZ
AAC73311.1,gmhB
AAC74218.1,nudJ
AAC76973.1,yjaG
AAC75520.1,nudK
AAC73300.2,rof
AAC73705.2,dsbG
AAC75220.1,nfo
AAC76280.1,yhdE
AAC75007.2,fliH
AAC76854.2,mobB
AAC76094.2,folB
AAT48134.1,ydhF
AAC76846.1,ubiD
AAC74488.1,pdxI
AAC76431.2,greB
AAC75619.1,era
AAC76053.1,ftsP
AAC76037.1,gpr
AAC76535.1,hdeA
AAC73522.2,yajO
AAC74283.1,dhaL
AAC77125.1,tsaE
AAC76070.1,nudF
AAC74334.1,tonB
AAC75230.1,fruB
AAC73562.1,hha
AAC73687.1,entF
AAC75832.1,yqcA
AAC77168.1,qorB
AAC74978.1,yecA
AAC76106.1,nfeR
AAC76775.1,rbsK
AAT48172.1,arcB
AAC76815.1,yigB
AAC73253.1,folK
AAC76102.1,dnaG
AAC74906.2,yebV
AAC75253.1,narP
AAC77326.1,rimI
AAC75580.1,hscB
AAC75419.1,yfdQ
AAC74039.1,rmf
AAC75277.1,rcsB
AAC75953.1,argP
AAC76377.1,yheS
AAC73192.1,mraZ
AAC76624.1,mtlD
AAC76066.1,parE
AAC76104.1,mug
AAC77236.2,nanY
AAC74543.1,pptA
AAC74705.1,nth
AAC74379.2,puuA
AAC76073.3,ygiB
AAC73517.1,ribD
AAC76233.1,lptB
AAC75037.1,msrP
AAC75006.1,fliG
AAC73314.1,yafD
AAC76495.1,tusA
AAC74197.1,ldtC
AAC76857.1,srkA
AAC76823.2,yigI
AAC73327.1,yafJ
AAC75532.2,gcvR
AAC73201.1,murG
AAC73312.1,dkgB
AAC76002.2,speC
AAC74384.1,puuE
AAC75008.1,fliI
AAC75944.1,ubiI
AAC76724.1,dnaN
AAC77013.1,lexA
AAC74566.1,gadB
AAC77266.2,nanM
AAC75488.1,amiA
AAC75487.2,ypeA
AAC75270.1,mqo
AAC74339.1,yciE
AAC73848.1,modE
AAC77114.1,frdA
AAC73833.1,tolA
AAC76480.1,livG
AAC75837.1,ppnN
AAC75742.1,pncC
AAC74380.2,puuD
AAC74503.1,trg
AAC76209.2,folP
AAC76363.1,chiA
AAC74712.1,anmK
AAC75471.1,pdxK
AAC74598.2,sad
AAC76771.2,rbsD
AAC74184.1,ycfH
AAC76454.1,glgA
AAC76479.2,livF
AAC75852.1,csdA
AAC76276.1,tldD
AAC76635.1,yibN
AAC76291.1,prmA
AAC74880.2,yoaC
AAC73214.1,coaE
AAC74407.2,ycjG
AAC76937.1,eptC
AAC76184.1,dolP
AAC74182.1,tmk
AAC75201.1,dusC
AAC77173.1,ytfJ
AAC76465.1,yhhX
AAC74581.1,hipB
AAC77129.1,hfq
AAC74531.4,curA
AAC73223.1,aroP
AAC74793.1,pfkB
AAC73729.1,lipA
AAC73845.1,galT
AAC75078.2,yefM
AAC74203.1,nagK
AAC74229.1,ymfK
AAC76794.1,rffH
AAC74156.1,flgA
AAC74000.1,msbA
AAC74007.1,cmoM
AAC75027.1,dcm
AAC76457.1,glgB
AAC73117.1,yaaA
AAC73506.2,malZ
AAC75378.1,truA
AAC73891.2,ybiX
AAC74352.1,btuR
AAC74944.2,cutC
AAC73672.1,cusR
AAC74276.1,ldcA
AAC73447.1,lacZ
AAC74145.1,dinI
AAC77158.1,priB
AAC73617.1,allE
AAC73493.1,aroM
AAC73415.1,betB
AAC75217.1,lysP
AAC73259.2,hrpB
AAC74382.1,puuC
AAC75973.2,loiP
AAC74851.1,yeaE
AAC77307.1,mrr
AAC74889.2,manZ
AAD13446.2,csqR
AAC74517.2,rlhA
AAC76712.3,yidR
AAC74733.1,cfa
AAC73834.1,tolB
AAC75789.1,ispD
AAC74281.1,treA
AAT48214.2,rffC
AAC75685.1,yfjT
AAC75756.2,ascG
AAC77090.1,lysU
AAC76214.1,dacB
AAC73666.1,ompT
AAC74327.1,oppC
AAC74265.3,ycgN
AAC76517.1,yhiN
AAC76640.1,tdh
AAC76864.2,hemN
AAC76945.2,hemN
AAC74301.1,chaB
AAC77251.2,yjhU
AAC74099.1,putA
AAC75489.1,hemF
AAC74104.1,efeB
AAC74482.1,paaY
AAC74341.2,yciG
AAC76728.1,yidC
AAC73320.1,dnaQ
AAC75010.1,fliK
AAC76305.1,yrdB
AAC73860.1,ybhB
AAC75309.1,yfaY
AAC73126.1,dnaJ
AAC73744.1,ybeL
AAC74991.1,fliD
AAC76837.1,ubiJ
AAC74609.1,ydeI
AAC75492.1,eutL
AAC73978.1,rarA
AAC76127.1,uxaC
AAC75854.1,tcdA
AAC76501.1,nikA
AAC73831.1,tolQ
AAC74504.2,ydcI
AAC74995.1,yedD
AAC76950.1,murB
AAC75718.1,ygaC
AAC73987.1,ycaK
AAC77128.1,miaA
AAC75229.1,fruK
AAC73763.1,ubiF
