# Generated from the following BioVelo query on EcoCyc, 10:53am, November 3, 2024: html-sort-ascending(html-table-headers([(t^?frame-id, [c: c<-t^components, c isa genes]) : t<-ECOLI^^Transcription-Units, !(classp t)], ("Frame ID", "Component genes")), 2)
TU0-14229	cyaY
TU263	mobB,mobA
TU0-13329	ydfC,ydfB,ydfA
TU0-13484	yoeF
TU0-8584	yhhM
TU0-8564	ybhA
TU0-14696	rph
TU0-8712	yeaL
TU0-14349	yceH
TU0-8724	yegI
TU0-1549	pdeH
TU0-14170	yjgH
TU00069	uvrA
TU0-45179	galM,galK,galT,galE
TU0-13657	trmJ
TU0-13046	ybhB
TU0-13014	rihA
TU0-14255	rplT,rpmI
TU00425	icd
TU0-45291	tnaB,tnaA
TU0-13608	yfdE
TU0-1821	cusA,cusB,cusF,cusC
TU0-13230	racR
TU0-14094	eptC
TU0-13306	yneK
TU0-4981	nfuA,yhgH
TU0-45263	gapA
TU00456	soxR
TU00224	serA
TU00205	guaA,guaB
TU0-45158	ibsD
TU00427	rpoH
TU0-4929	asnB
TU00468	fumB,dcuB
TU0-14146	epmA
TU0-13882	yhbX
TU0-4183	waaL,waaC,waaF,rfaD
TU0-14568	hflC,hflK,hflX,hfq
TU0-8565	ybhD
TU0-42583	galK,galT,galE
TU0-36422	uxaB
TU00216	glpQ,glpT
TU0-42545	ghoT,ghoS
TU0-12854	yafP,yafO,yafN
TU0-8769	aslA
TU0-13510	yegW
TU00237	ampD,ampE
TU0-14561	hflC,hflK,hflX,hfq,miaA,mutL
TU00526	rseC,rseB,rseA
TU0-13815	yghJ
TU0-14648	yfgM
TU0-13998	yibQ,envC,gpmM
TU0-8713	nimR
TU00364	tehA,tehB
TU0-12861	perR
TU0-13337	clcB
TU0-14103	nfi,hemE,nudC
TU00263	htrE,yadV
TU0-45222	pdhR,aceE,aceF,lpd
TU00429	lysU
TU00440	rpoS,nlpD
TU0-45143	appY
TU00088	tyrP
TU0-14027	cbrC
TU0-13588	yfcG
TU0-8737	yfeR
TU0-4482	mngB,mngA
TU00180	umuD,umuC
TU0-14448	ftsK
TU0-36404	cbrC,cbrB
TU0-8846	ldrD
TU723	mutS
TU0-13016	ybeX,lnt
TU0-14042	yigB,xerC,yigA,dapF,lptM
TU0-42508	leuL
TU0-42460	rybA,mntS
TU0-8083	pgk
TU0-13711	ygaM
TU00219	rhaD,rhaA,rhaB
TU0-12865	insA2,insB2,insAB2,afuC
TU0-12924	panE,yajL
TU0-1282	uof,fur,fldA
TU0-198697	oppA
TU00008	tyrA,aroF
TU0-13918	kefG,kefB,yheV
TU0-45144	pphA,sdsR
TU0-8703	yddH
TU0-5782	mltC,yggX,mutY
TU0-14058	yihF
TU0-13291	ydeM
TU0-44219	lpxT
TU00334	pyrE,rph
TU0-5062	yjaB
TU0-13720	pphB
TU0-44210	xapB
TU0-14070	fabY,dtd,yihY,yihX
TU0-14389	mreB
TU0-12943	tomB,hha
TU0-13548	yeiQ
TU0-14423	ryfD
TU0-14571	bglJ,yjjQ
TU0-14322	holC
TU0-6512	rpoC,rpoB,rplL,rplJ,rplA,rplK
TU0-14048	rhtC
TU00193	mtlA,mtlD,mtlR
TU0-14067	yihR
TU0-8661	ysgA
TU0-198707	yobD,manZ,manY,manX
TU0-7401	agp
TU0-45187	recF,dnaN
TU0-13153	pinE
TU0-6941	rhoL,rho
TU0-13817	yghS,yghR
TU0-14647	yfgM
TU0-42515	bglG
TU00370	dcd,udk
TU0-13365	fumD
TU0-14390	mreB
TU0-13773	ygeW
TU0-45204	phoU,pstB,pstA,pstC
TU0-6647	dnaQ
TU0-13026	ybfB,rhsC
TU0-14088	yiiX
TU0-13517	yehE
TU0-3721	actP,yjcH,acs
TU0-13700	ypjA
TU0-1441	fliR,fliQ,fliP,fliO,fliN,fliM,fliL
TU0-7701	fhuF
TU00144	cysM,cysA,cysW,cysU,cysP
TU0-6559	uvrC
TU0-13997	yibN
TU0-8682	dgcT
TU0-12978	rzoD
TU0-14689	fau,ssrS
TU0-45244	pykF
TU0-8732	yfbN
TU00517	infB,nusA,rimP,metY
TU0-13411	yeaW,yeaV
TU0-13142	cobB,nagK
TU0-13993	yibL
TU00038	malH,malG,malF,malE
TU0-8595	yidI
TU0-1189	rrfH,rrlH,alaV,ileV,rrsH
TU0-42518	rhoL
TU0-8753	yghU
TU0-13177	ycgY
TU0-13423	yebO
TU0-13319	gnsB
TU0-8690	ychN
TU0-13829	plsC
TU0-13922	tsgA
TU0-12941	ylaC
TU00121	fur
TU0-14235	loiP
TU0-8261	ydjM
TU0-2342	serA
TU0-36432	lptB,lptA,lptC,kdsC
TU00281	glyS,glyQ
TU0-2504	topA
TU0-36413	yfbR,alaA
TU0-13983	yiaB
TU00051	oxyR
TU0-14299	nhaR
TU0-8488	pepE
TU0-42501	bluF
TU0-14816	fbaA,pgk
TU0-13898	degS,degQ
TU0-13217	pgrR
TU0-14247
TU0-13000	dpiA,dpiB
TU0-14524	rrfH,rrlH
TU0-8596	yidL
TU0-44223	sokX
TU0-8356	cnoX
TU0-8777	chaA
TU401	glpG,glpE
TU00017	deoC,deoA,deoB,deoD
TU0-13341	ynfM
TU00048	ompA
TU0-42666	ymdB
TU0-13890	elbB,mtgA
TU0-198721	yjbS
TU0-8810	hokA
TU0-13102	hspQ
TU0-13936	yhhW
TU0-14238	yeiW
TU0-8874	pepD
TU00394	stpA
TU0-1742	ribA
TU0-12807	leuO
TU00123	malK,lamB,malM
TU0-8538	yaaI
TU0-7361	ves
TU0-8744	yfjH
TU00332	era,rnc
TU0-8715	yebQ
TU0-12936	decR
TU0-14354	rnd
TU00118	cadC
TU0-13579	alaA
TU0-13081	ycaD
TU0-13246	insI2
TU0-13188	yciI
TU0-5003	groL,groS
TU0-13505	trhP
TU0-42519	tatC,tatB,tatA
TU0-8765	adeD
TU0-45241	actP,yjcH,acs
TU0-14521	lacA,lacY
TU00505	glyV,glyX,glyY
TU0-4192	ygiM
TU00275	fliF,fliG,fliH,fliI,fliJ,fliK
TU0-1143	grcA
TU0-14111	yjbE
TU0-14006	yicH
TU0-14023	yidZ
TU0-6821	cstA
TU0-14470	lipB,ybeD
TU0-13796
TU0-13171	ycgN
TU0-8709	ydhQ
TU0-4783	nrdG,nrdD
TU0-8636	ynaI
TU0-42465	sdiA
TU0-42498	waaH
TU356
TU0-14784	htpG
TU0-8334	ldtB
TU0-13777	yqeA
TU0-4182	waaL,waaC,waaF,rfaD
TU0-4405	glrK
TU0-8552	ybaY
TU0-41901	sdiA
TU0-8829	insA7
TU00408	mngR
TU0-1122	dmsC,dmsB,dmsA
TU0-13237	pinR
TU0-13204	fabI
TU0-14183	nanY,nanX
TU0-14373	gspO,gspM,gspL,gspK,gspJ,gspI,gspH,gspG,gspF,gspE,gspD,gspC
TU354	arcA
TU0-5981	ugpQ,ugpC,ugpE,ugpA,ugpB
TU00032	ilvN,ilvB,ivbL
TU0-12840	yafE,yafD
TU0-4905	gapA
TU0-14511	cysH
TU0-198729	ynbG
TU0-13357	ydhF
TU104	putP
TU00326	pspA,pspB,pspC,pspD,pspE
TU0-13039	ybgS
TU0-14431	dcuR
TU0-8746	ygbI
TU305	kdsA,ychA,ychQ
TU0-13702	ypjB
TU0-14676	artM,artQ,artI,artP
TU0-13808	yggM
TU0-14616	glxK,ybbY
TU164	lldD,lldR,lldP
TU0-13575	yfbL
TU0-12920	yajI
TU00173	glpX,glpK,glpF
TU0-2447	mgrB
TU0-14737	fadR
TU0-36414	luxS
TU0-13015	insH3
TU0-1142	ptsG
TU0-4881	gntU,gntK,gntR
TU0-42589	relA
TU0-14346	galF
TU0-8021	acrD
TU0-13549	lpxT,yeiR
TU162	envZ,ompR
TU0-13085	ycaP
TU0-44206	paaJ
TU841	cdd
TU0-13390	ynjI
TU0-13679	yfiB,dgcN,yfiR
TU00397	treR
TU0-1544	flgN,flgM
TU00511	tpr,tyrV,tyrT
TU0-2707	metJ
TU0-4822	csrC
TU00437	rpoD
TU0-8559	ybdL
TU0-14545	ydeO,safA
TU0-12808	cra
TU0-13801	cmtB,cmtA,yggP,yggF,fumE,yggC
TU0-13779	yqeC
TU0-44198	allB
TU0-2121	ybjN,rimK
TU0-13733	ygcE,yqcE
TU0-13712
TU0-14439	ftsO,lpxC,ftsZ,ftsA,ftsQ,ddlB,murC,murG,ftsW,murD,mraY,murF,murE,ftsI,ftsL,rsmH
TU0-13622	cysZ
TU0-8841	kdgR
TU0-8752	yghT
TU0-13859	alx
TU0-8719	yedD
TU0-14525	waaU,waaZ
TU0-14315	wbbH,glf
TU0-13047	ybhL
TU0-44208	nanY
TU0-45167	murR
TU0-8353	ldhA
TU00071	uvrD
TU0-8503	ybiT
TU0-7282	smf
TU0-13516	yehD,yehC,yehB,yehA
TU0-7805	nagA
TU0-13340	ynfL
TU0-13821
TU0-13403	yeaK
TU0-13586	yfcE
TU0-4444	pgm,seqA
TU0-2501	topA
TU0-13409	dmlR
TU0-198702	xynR,argF
TU0-45184	cyaR
TU344	arcA
TU0-12944	mscK
TU0-4189	yggN
TU0-44226	infB,nusA
TU0-44209	nanY
TU584	degP
TU0-14475	creC,creB,creA
TU00496	metZ,metW,metV
TU0-14305	yfaE
TU0-14145	ecnB,ecnA
TU0-4401	yaiS
TU0-13809	trmB,yggL
TU0-13279	ydcC
TU0-14510	rrfG
TU0-3145	xdhB,xdhC,xdhA
TU0-13328	dicA
TU00459	mprA,emrA,emrB
TU0-13032	ybgQ,ybgP,ybgO
TU0-5041	uxuR
TU0-13984	avtA
TU0-45206	gyrB
TU0-13729	ygcR,ygcQ
TU0-13776	hyuA
TU0-1981	osmY
TU0-13956	dtpB
TU0-13320	ynfN
TU0-8496	rdlA
TU0-8736	yfeN
TU00508	serW
TU00349	rplQ,rpoA,rpsD,rpsK,rpsM
TU0-13819	gss
TU00067	trpA,trpB,trpC,trpD,trpE,trpL
TU0-8484	napC,napB,napH,napG,napA,napD,napF
TU0-13344	ydgH
TU0-6626	ihfA,pheM,pheT,pheS
TU0-8508	ryeA
TU0-13271	mnaT,ydcZ
TU0-13287	maeA
TU0-13048	ybhM
TU0-13125	mdtG
TU0-13354	mliC
TU0-13268	patD
TU0-13611
TU00169	gatD,gatB,gatA,gatZ,gatY
TU0-12826	yaeI
TU0-4403	kch
TU0-45257	csgG,csgF,csgE,csgD
TU0-12976	quuD
TU00162	ppsA
TU0-13637	maeB
TU0-14452	wza,wzc,wzb
TU0-12959	ybbP,ybbA
TU0-14693	pstA,pstC,pstS
TU121	putP
TU0-13675	rluD,yfiH
TU0-13650	rlmN
TU0-13311	rspR
TU0-13137	ycfJ
TU0-13863	yqjK,yqjE,yqjD,yqjC
TU0-198746	nuoN,nuoM,nuoL,nuoK,nuoJ,nuoI,nuoH,nuoG,nuoF,nuoE,nuoC,nuoB,nuoA
TU0-14653	eno
TU00119	crp
TU0-13080	serS
TU0-7281	yrdB,aroE,tsaC,yrdD
TU0-198704	glpK,glpF
TU0-44222	yabR
TU0-12927	yajG
TU00371	uhpC,uhpB,uhpA
TU0-13231	ydaW,ydaV,ydaU,ydaT,ydaS
TU0-8629	yjjX
TU0-198711	entD,fepA
TU0-2562	exbD
TU00223	sdaA
TU0-4021	pdeR
TU00473	glnB
TU0-13324	hokD
TU0-8817	nlpA
TU0-13161	ariR,ymgA
TU00042	metH
TU0-198731	yneP
TU0-13044	ybhJ
TU0-13522	yehK
TU00521	leuV,leuP,leuQ
TU00230	accA
TU0-14553	glnX,glnV,metU,glnW
TU00233	acrA,acrB
TU0-8650	ypdI
TU00174	ihfA
TU0-12869	xynR
TU-8443	ygbA
TU00179	leuD,leuC,leuB,leuA,leuL
TU0-13755	kduD
TU0-44205	paaJ
TU0-13483	yeeW,cbtA,cbeA,yeeT,yeeS,yeeR
TU00063	rhaS,rhaR
TU0-13605	yfdT,yfdS,yfdR
TU0-6483	bcp
TU0-36403	rcsB
TU0-13901	aaeX,aaeA,aaeB
TU0-12848	dpaA
TU00203	prs
TU0-44201	gnsA
TU00072	alkB,ada
TU0-14345	eptA
TU0-41842	ydiY
TU0-13766
TU0-13928	igaA
TU0-8608	yjcB
TU0-14031	ravA,viaA
TU0-13301	yneE
TU0-14698	mdtF,mdtE
TU261	mukB,mukE,mukF,cmoM
TU0-1192	rrfF,thrV,rrfD,rrlD,alaU,ileU,rrsD
TU0-45240	rapA
TU0-45236	pfkA
TU0-12925	yajR
TU0-14673	groL
TU0-14091	ptsA,fsaB,gldA
TU0-42533	cbpM,cbpA
TU0-12844	yafT
TU0-45198	rrfG,rrlG,gltW,rrsG
TU0-1183	rrfC,rrlC,gltU,rrsC
TU0-12873	yagN
TU-8397	greA
TU3	trpA,trpB,trpC
TU0-13790	yqfB
TU0-12998	citT
TU0-13762	ygeG
TU0-45195	cbpM,cbpA
TU0-13615	yfeO
TU00481	ptsH,ptsI,crr
TU0-8529	thiI
TU0-13379
TU0-12966	sfmA
TU0-1548	ycgR
TU0-13967	yhjD
TU0-8652	yqeK
TU0-45207	proX,proW,proV
TU783	zraR,zraS
TU0-198686	asflhD
TU00023	frdD,frdC,frdB,frdA
TU0-14688	yliM,ompX
TU0-8582	yhhA
TU0-13059	ybiR,mntR
TU0-13567	yfaY
TU0-45196	recF,dnaN
TU0-13745	ppdA,ppdB,ygdB,ppdC,recC
TU0-8605	yigE
TU0-4782	crr
TU0-13732	ygcW
TU00274	fliD,fliS,fliT
TU524	ilvX,ilvA,ilvD,ilvE,ilvM,ilvL
TU0-3882	proP
TU0-45289	hemF
TU0-1186	rrfE,rrlE,gltV,rrsE
TU0-13881	nlpI
TU0-13598	yfdF
TU0-45221	csrA
TU0-8843	ldrA
TU0-8612	yjfP
TU0-13747	mutH
TU0-13964	mdtF,mdtE
TU483	acpS,pdxJ,recO,era,rnc
TU0-5101	gndA,gnd
TU0-14610	yafZ
TU0-13682	yfjD
TU0-4623	zntA
TU0-14108	yjbD
TU0-13179	dauA
TU0-198693	mazE
TU0-14562	hflC,hflK,hflX,hfq,miaA,mutL
TU0-14413	eno
TU0-3901	sra
TU0-14402	cyaA
TU0-6361	dolP
TU0-8685	bhsA
TU00200	nhaR,nhaA
TU0-13943	yhhN
TU0-45212	clpB
TU0-14077	yiiM
TU0-13958	rlmJ
TU0-8632	rimO
TU00190	marR,marA,marB
TU0-1762	osmC
TU0-4642	znuA
TU0-6657	rplT
TU0-13851	ygjI
TU0-13167	ymgG,ymgD
TU0-13835	mdaB
TU0-14627	trg
TU0-8755	ygiD
TU0-7341	rpiA
TU0-13458
TU0-13277
TU0-13469	msrQ,msrP
TU0-8784	ddlA
TU0-14716	sibE
TU0-13395	yeaC
TU0-45164	micF
TU0-42529	agrA
TU0-13432	yobA,yebZ,yebY
TU0-42495	murA,ibaG
TU0-13802	tktA
TU0-13985	ysaA
TU0-6042	entS
TU-8439	bglA
TU0-14637	sbmC
TU0-14045	yigI
TU0-1194	recF,dnaN
TU0-14301	yadN
TU0-3481	sixA
TU0-8513	ybjX
TU0-8578	yhdH
TU0-1962	glcA,glcB,glcG,glcF,glcE,glcD
TU0-13727	queD
TU00348	tufA,fusA,rpsG,rpsL
TU0-13966	rcdB
TU0-14274	smg
TU0-14254	aroH
TU0-14001	yicC
TU0-13816	yghQ
TU0-7743	ydeO
TU00183	livJ
TU0-5001	ibpB
TU0-12801	djlA
TU00007	argR
TU0-13751	aas,lplT
TU0-13581	yfbS
TU0-13001	cspE
TU0-13926	hofQ
TU0-45156	rpmE
TU0-13618	pdeA
TU0-8789	dsrB
TU0-14527	topB,selD
TU00264	ompT,envY
TU0-14029	mnmG,rsmG
TU0-13825	yqhG
TU0-8502	yjfI,rlmB,rnr,nsrR
TU0-12908	hemB
TU0-13767	insC4,insD4,insCD4
TU0-36420	phoU
TU0-42602	accA
TU-8381	spy
TU0-8794	fadR
TU00215	fadA,fadB
TU0-42547	feaR
TU0-8805	grxD
TU0-1190	rrfH,rrlH,alaV,ileV,rrsH
TU0-42684	argH
TU441	fabF,acpP
TU0-13683	nadK
TU0-13067	deoR
TU0-13221	uspE
TU0-8626	yjiR
TU0-14503	aceK
TU0-5903	glnZ,glnA
TU0-13099	yccF,yccS
TU0-2581	fhuE
TU0-12905
TU0-6564	ssb
TU0-12903	yaiO
TU00436	rpoD
TU0-6650	hisI,hisF,hisA,hisH,hisB
TU0-12855
TU0-41739	mpaA
TU0-8331	punR
TU00404	htrE,yadV
TU0-13858	ygjR
TU0-13332	ynfP
TU0-42686	yihS,yihT,yihU
TU0-5961	cytR
TU0-12799	yaaU
TU0-14141	yjeI
TU0-13739	ppnN
TU0-13944	yhhQ
TU0-13489	tsuA,tsuB
TU00279	glgS
TU0-13239	uspF
TU0-14011	yicN
TU0-13833	ygiV
TU0-13960
TU0-8688	pliG
TU0-14233	yghO
TU0-45283	osmE
TU0-13532
TU0-42695	csgA
TU0-6629	ssuB,ssuC,ssuD,ssuA,ssuE
TU0-13716	csrA
TU-8382	ycaC
TU0-2421	mgtL,mgtA
TU0-13911	yhdN,zntR
TU0-13366	ldtE
TU0-1881	iscA,iscU,iscS,iscR
TU0-198714	dppF,dppD,dppC,dppB
TU0-42517	ilvL
TU0-8774	can
TU0-13031	abrB
TU0-8622
TU00374	xylF,xylG,xylH,xylR
TU0-8458	nth,rsxE,rsxG,rsxD,rsxC,rsxB,rsxA
TU0-14399	dapB
TU0-14196	nanS
TU0-6843	nanM,nanC
TU0-8757	ttdR
TU0-5182	dedA,truA,usg,pdxB
TU0-8267	cho
TU0-13832	mqsR,mqsA
TU0-8354	bcsZ,bcsB
TU00235	adiA
TU0-3463	sdsR,pphA
TU0-14176	lptG,lptF
TU861	yeiL
TU0-8549	yahO
TU00239	arsR,arsB,arsC
TU0-13876	yraR
TU00445	clpA
TU0-8825	mdtK
TU0-13989	yibA,rhsA
TU0-13190	yciC,yciB
TU0-13595	yfcV
TU0-45245	folK,pcnB
TU0-13182	purU
TU0-13902	tldD
TU00480	ptsH,ptsI,crr
TU0-13214	ycjF,ycjX
TU0-7561	evgL,evgS,evgA
TU-8387	qseC,qseB
TU68	xylR
TU0-13043	ybhI
TU00053	phoB,phoR
TU0-13937	yhhX
TU0-8512	slyX
TU0-6649	glnQ,glnP,glnH
TU0-14489	recJ,dsbC,xerD
TU0-12894	yahJ,yahI
TU0-8683	yceF
TU0-8084	aspS
TU0-8143	tktB,talA
TU0-7602	allS
TU00001	aceB,aceA,aceK
TU0-1241	gdx
TU0-8328	yegS
TU00028	glnG,glnL
TU0-14057	yihD
TU0-13086	ycaL
TU0-14003	yicG
TU0-7342	tktB
TU0-45150	mqsA
TU0-1501	flxA
TU0-4201	prmC,prfA,hemA
TU0-13708	kbp
TU0-14369	mepM
TU0-13183	ychJ
TU0-12945	priC,ybaM
TU0-45170	glk
TU0-14451	hcr,hcp
TU00484	pyrL,pyrI,pyrB
TU0-8044
TU0-45267	recF,dnaN
TU0-14272	rne
TU00285	hisL,hisG,hisD,hisC,hisB,hisH,hisA,hisF,hisI
TU0-8799	fimZ
TU0-13144	roxA
TU00128	fucP,fucI,fucK,fucU,fucR
TU0-13327	dicC,ydfX,ydfW
TU0-13103	rlmI
TU0-14662	kup
TU0-14017	yidE
TU0-8611	queG
TU0-8323	prs,ispE,lolB
TU302	tauD,tauC,tauB,tauA
TU0-13741	csdE,csdA
TU0-12786	yjtD
TU0-8791	emtA
TU0-8872	dgcC
TU0-5522	mutM,rpmG,rpmB,yicR
TU00029	glnZ,glnG,glnL,glnA
TU0-13771	actS
TU0-13564	rpnE
TU0-42551	feaB
TU0-12967	sfmD,sfmC
TU0-8699	ydbK
TU0-6623	ybbO,tesA
TU0-14262	mioC,asnC
TU0-13894	yhcG
TU5	paaK,paaJ,paaI,paaH,paaG,paaF,paaE,paaD,paaC,paaB,paaA
TU0-198728	ymiD
TU0-13756	kduI
TU0-4523	gntR
TU0-14192	yjhI,yjhH,yjhG
TU0-5741	pspH,pspG
TU262	mobB,mobA
TU00257	vsr,dcm
TU0-42558	ssnA
TU0-14422	shoB
TU0-12787	yaaX
TU0-13138	ldtC
TU-8430	lhr
TU0-2021	psiE
TU0-4682	idnR,idnT,idnO,idnD
TU0-14290	kdsD,yrbG
TU00465	ppiA
TU0-8759	aaeR
TU0-45201	csgG,csgF,csgE,csgD
TU0-14680	gpt
TU-8427	narV,narW
TU0-8727	yejK
TU00363	pcm,umpG
TU0-198700	yneG,glsB,sad
TU0-8665	ytjC
TU0-6861	ilvH,ilvI
TU0-14150	rsgA
TU0-13649	yfgJ
TU875	trpS,gph,rpe,dam
TU0-14330
TU0-12788	yaaA
TU0-12866	yagA,yagB
TU0-8707	ydgC
TU0-13914	bfd,bfr
TU00488	glmS,glmU
TU0-14474	valS,holC
TU00353	ruvB,ruvA
TU0-14295	selU
TU0-8082	fbaA,pgk,epd
TU0-42668	ymdB,ymdA
TU0-4	yggN
TU0-45175	pykA
TU00519	proK
TU0-13874	yraK,yraJ,yraI
TU00103	sdhX,sucA,sucB,sucC,sucD
TU0-8588	yhjB
TU0-8362	folK,pcnB
TU0-12859	yafY,ykfB,ykfF,yafX,ykfG,ykfH,yafW,ykfI
TU00486	rcsA
TU583	rnb
TU0-13689	alpA
TU0-8337	barA
TU0-14061	bipA
TU0-14772	rraB
TU0-14494	gluQ,dksA
TU0-13104	tusE
TU0-8490	pepT
TU0-13599	yfdC
TU0-42595	metG
TU0-13158	bluR
TU0-6423	rimL
TU0-14177	yjgR
TU0-14319	hsdS,hsdM,hsdR
TU0-13948	rhsB
TU0-13467	hprR,hprS
TU0-13017	ybeZ,ybeY
TU0-36443	cbpM,cbpA
TU0-14172	bdcR
TU0-44194	malY
TU0-8497	rdlB
TU0-1701	asr
TU0-13303	glsB,yneG
TU00312	otsA,otsB
TU0-13172	dsbB
TU0-42603	accC,accB
TU0-8783	dcp
TU0-14157	ulaR
TU00079	cysK
TU0-1021	pyrH
TU00447	clpA
TU0-1521	fliX,fliC
TU0-13681	ypjD
TU0-3963	fepC,fepG,fepD
TU0-45243	alkA
TU0-14443	ftsO,lpxC,ftsZ,ftsA,ftsQ,ddlB,murC,murG,ftsW,murD,mraY,murF,murE,ftsI,ftsL
TU0-13758	yqeG
TU-8438	ftnB
TU00236	tsaE,nnr,amiB,mutL,miaA,hfq,hflX,hflK,hflC
TU0-13792	ygfB,pepP,ubiH,ubiI
TU0-42462	ddpF,ddpD,ddpC,ddpB,ddpA,ddpX
TU0-13258	ydcJ
TU0-4924	idnR
TU0-13663	yphF,yphE,yphD
TU0-13962	yhiD
TU0-42455	yibQ,envC,gpmM
TU0-14506	glxK
TU0-8572	ygjH
TU0-8637	pqqU
TU0-4545	galM,galK,galT,galE
TU0-14293	alsK
TU0-1061	dsbA,srkA
TU0-8741	yfiE
TU0-14744	waaZ,waaY
TU0-45218	rpoH
TU0-8556	ybaK
TU0-13334	ynfA
TU0-45205	poxB
TU0-14663	kup
TU0-13591	folC,dedD
TU542	xthA
TU0-13844	yqiK,yqiJ
TU0-14073	fdhD
TU0-14490	clpX,clpP
TU0-14630	pykF
TU0-45282	rseD,rseC,rseB,rseA,rpoE
TU0-13507	insF5,insE5,insEF5
TU0-8580	yhgN
TU0-13560	yojI
TU355	putA
TU00298	menE,menC,menB,menH,menD,menF
TU0-8828	mak
TU541	poxB
TU0-14347	rodZ
TU0-14161	qorB
TU0-13083	pflA
TU0-14460	rpoD
TU0-14615	acrB
TU0-13312	ydfZ
TU0-13273	mcbR
TU0-4525	recX,recA
TU0-2405	lacI,mhpR
TU00513	serU
TU0-13494	wzzB
TU00081	ilvI,ilvH
TU0-1002	astE,astB,astD,astA,astC
TU0-42622	sdiA
TU0-13513	rcnR
TU0-14398	crp
TU0-14050	bioP
TU00036	lacA,lacY,lacZ
TU0-14164	paeA
TU00060	pyrC
TU0-1222	efp
TU00176	dps
TU0-8585	yhhS
TU0-8182	gloA
TU0-8630	yjjZ
TU0-6513	sbcB
TU0-4681	idnK
TU0-12926	ampG
TU0-14812	rnlB
TU0-14523	rfbX,rfbC,rfbA
TU0-13814	pppA
TU0-13203	yciW
TU0-13090	ldtD
TU0-5201	apaH,apaG,rsmA,pdxA
TU0-8831	insH1
TU0-13643	ypfH
TU0-13436	yebE
TU0-13601	yfdI,yfdH,yfdG
TU0-45254	aceF,aceE
TU00092	fabA
TU0-4343	mutT,secA,secM
TU0-14212	opgB
TU0-8748	ygeV
TU0-13628	intZ
TU489	hupB
TU00099	araJ
TU0-8545	yafV
TU0-14364	mnmA
TU0-13846	hldE
TU0-6441	alaS
TU00325	proB,proA
TU00096	dctR,slp
TU00246	btuD,btuE,btuC
TU0-14311	frwD
TU0-8380	lpp
TU0-12790	mog
TU0-45261	lapB,lapA
TU00104	fumA
TU0-14656	yhbS,ubiT
TU0-14365	ybcH
TU00061	pyrD
TU0-13661	yphA
TU0-8146	ytfK
TU0-13485	tmaR
TU0-12886	rclR
TU0-12888	ykgH
TU0-14798	topB,selD
TU0-6885	pabA,fic,yhfG
TU0-44204	mngB
TU0-14671	dicD
TU0-14160	ytfF
TU0-8464	rplL
TU0-8654	yqgD
TU0-14814	pgk
TU0-14282	ftnB
TU802	hflC,hflK,hflX,hfq,miaA,mutL,amiB,tsaE,nnr
TU0-13072	rlmC,ybjO
TU0-14044	rarD
TU0-13613	ypdC,pyrR,pyrS
TU0-13111	yccM
TU0-14227	qorA
TU0-42688	yihS,yihT,yihU
TU0-14168
TU0-13233	trkG
TU0-8716	yecF
TU0-42471	metH
TU0-4221	bamD
TU0-42475	leuO
TU0-13141	lolE,lolD,lolC
TU562	pqiC,pqiB,pqiA
TU0-8201	ybjP
TU0-13061	ybiV
TU0-3422	recR,ybaB
TU00095	aidB
TU0-4904	yeaD,gapA
TU0-4287	pdxA,surA,lptD
TU0-44217	speE
TU0-13115
TU0-13822	yghB
TU0-8807	guaC
TU0-14530	rrfE,rrlE
TU00421	clpB
TU0-8642	ynjH
TU0-13286	adhP
TU0-13128	dinI
TU0-14632	yeaH,yeaG
TU0-13211	puuE,puuB,puuC
TU0-1198	uspB
TU0-14156	bsmA
TU00347	rpsQ,rpmC,rplP,rpsC,rplV,rpsS,rplB,rplW,rplD,rplC,rpsJ
TU00470	glgP,glgA,glgC
TU0-42458	csrA
TU0-8804	gltS
TU00018	deoC,deoA,deoB,deoD
TU0-13160	ycgZ
TU0-13302	dgcF
TU0-12789	yaaJ
TU0-14793	acrD
TU743	rnpA,rpmH
TU00414	ftsH,rlmE
TU0-14678	artM,artQ,artI,artP
TU0-13725	casA,casB,casC,casD,casE,cas1,cas2
TU0-964	mpl
TU0-8347	dcuR,dcuS
TU0-8344	fhlA,hypE,hypD,hypC,hypB,hypA
TU0-13630	yffN,yffM
TU0-13904	csrD
TU0-42578	galE
TU0-13155
TU0-45251	cfa
TU0-12833	tilS
TU0-1191	rrfF,thrV,rrfD,rrlD,alaU,ileU,rrsD
TU0-7802	slyB
TU0-12812	nadC
TU0-12957	fetB,fetA
TU0-14682	ecnB
TU0-13905	yhdJ
TU0-2	recN
TU0-1123	moaE,moaD,moaC,moaB,moaA
TU0-13573	rbn
TU0-14555	yibA
TU0-14487	rrfE,rrlE,gltV,rrsE
TU0-6563	ssb
TU0-14393	dgt
TU0-93010	ytfK
TU00292	kdpE,kdpD
TU00385	ackA
TU00057	purL
TU0-8673	ycaK
TU0-1141	ptsG
TU0-13568	yfaZ
TU0-8710	ydiP
TU0-8701	ydcK
TU0-13924	yhfX,yhfW,php,yhfU,yhfT,yhfS
TU0-12952	ybaL
TU0-13369	ydiK
TU0-8773	bisC
TU0-13194	yciQ,yciO,rnm
TU0-8244	yebB
TU0-8489	pepN
TU0-13957	prlC,rsmJ
TU0-8514	sraA
TU0-3382	gpmA
TU-8389	infA
TU00163	entD,fepA
TU0-13185	ychE
TU661	polA
TU0-13782	xdhD,ygfM
TU0-45280	ihfB
TU0-13500	asmA
TU0-13719	mltB
TU0-13445	yecT
TU0-45165	rrfA,rrlA,alaT,ileT,rrsA
TU00277	ftsH,rlmE
TU0-8492	ppa
TU0-2708	metJ
TU0-55017	purU,ychJ
TU0-198739	ysdE
TU0-14694	phoU,pstB
TU0-13189	yciA
TU0-14750	citG,citX,citF,citE,citD,citC
TU0-13828	ftsP
TU0-45168	mnmG,rsmG
TU0-13376	ydiE
TU00302	moeB,moeA
TU0-14332	rseX
TU0-14552	phnP,phnO,phnN,phnM,phnL
TU00139	hns
TU0-198740	yqjD
TU363	ccmH,ccmG,ccmF,ccmE,ccmD,ccmC,ccmB,ccmA,napC,napB,napH,napG,napA,napD,napF
TU0-6503	gcvR
TU0-1182	rrfB,rrlB,gltT,rrsB
TU00244	baeS,baeR
TU0-8862	trpS
TU0-13455	yedF,yedE
TU0-36417	glgP,glgA
TU00378	pflB,focA
TU402	glpG
TU0-13930	hslO
TU0-1283	fur
TU0-8756	plsY
TU0-8150	msyB
TU00054	purB,hflD
TU0-13491	yeeY
TU0-8266	hokE
TU0-8660	yrdA
TU0-13788	sdhE,ygfX
TU0-1546	aer
TU0-14153	yjfJ,yjfI
TU0-14738	yjeV
TU0-1681	sodB
TU0-42662	serW,infA
TU0-14120	alr
TU-8405	flhE,flhA,flhB
TU0-14702	ygiC,ygiB,tolC
TU0-42690	yihS,yihT,yihU
TU0-13737	syd
TU0-14649	rpoS
TU0-1741	ribA
TU00220	trpR
TU0-45256	mglC,mglA,mglB
TU0-14007	selC
TU0-45189	eno
TU0-1902	dcuD
TU0-14609	cdsA,ispU
TU704	proX,proW,proV
TU0-13614	fryB,fryC,ypdF,ypdE,fryA
TU0-5581	mltC,yggX
TU0-42537	acpP
TU0-13437	yebF
TU00089	glnB
TU0-7043	uvrD
TU0-13545	psuT
TU564	ihfB,rpsA
TU0-13304	sad
TU0-13305	ptrR
TU0-3305	rplT,rpmI,infC
TU00382	pflB
TU0-13027	ybfC
TU00485	pyrL,pyrI,pyrB
TU0-14417	emrE
TU0-41681	phoQ
TU00431	uspA
TU0-14421	ohsC
TU0-45264	mtn,btuF,yadS
TU0-7262	moaE,moaD,moaC,moaB
TU00450	tsx
TU0-8747	ygdI
TU0-14115	dgkA
TU0-1196	recF,dnaN
TU0-8359
TU0-12883
TU0-14019	yidA
TU0-14306	rlmM
TU593	recF,dnaN,dnaA
TU0-12872	yagM,yagL
TU361	rpsA,cmk
TU0-8662
TU0-14406	hypF
TU7	paaY,paaX
TU0-8781	dacB
TU0-14405	hypF
TU0-6485	cdh
TU0-14004	gmk
TU00339	rpmG,rpmB
TU0-8351	bssS
TU0-13322	ydfU,ydfT
TU0-13292	ydeN
TU0-9	yehF
TU00212	torC,torA,torD
TU0-2502	topA
TU0-14817	pgk
TU0-13062	ybiY,ybiW
TU00417	dnaK,dnaJ
TU0-14467	glnS
TU0-12971	insF3,insE3,insEF3
TU0-42510	trpL
TU0-45238	gabP,gabT,gabD
TU00351	rplS,trmD,rimM,rpsP
TU0-13315	ynfT,ydfK
TU00502	ileX
TU00329	rfaD,waaF,waaC,waaL
TU0-12912	iprA
TU0-6404	lysP
TU0-13895	nanR
TU0-12868	yagH,yagG
TU0-12891	yahC
TU0-12832	yaeR
TU0-13542	yeiH
TU0-14469	cas2
TU0-13025	ybfA
TU0-8679	sxy
TU00498	asnU
TU0-13114	wrbA,yccJ
TU0-8340	fliE
TU0-13281	yddE
TU00138	aldB
TU0-14241	yncL
TU0-13583	yfbV
TU0-12938	ffs
TU0-14742	gadF,mdtF,mdtE,gadE
TU0-13149	ymfJ
TU0-198694	mazF,mazE
TU0-13493	yefM,yoeB
TU0-12985	ybdG
TU0-6884	carB
TU0-14035
TU869	secF,secD,yajC
TU00323	ppx,ppk
TU0-13316	pinQ
TU0-14242	yncJ
TU0-7301	kdgK
TU0-42532	cbpM,cbpA
TU0-42608	kbp,yqaE
TU0-13641	narQ
TU0-6514	radA,serB
TU0-14117	yjbM,yjbL
TU0-14368	ybiB
TU0-7181	istR
TU0-8692	yciN
TU0-6652	umpH
TU00280	glmS,glmU
TU0-13200	lapB,lapA
TU0-14341	lpoA
TU00232	accD
TU0-8833	insH11
TU0-13603	yfdO,yfdN,yfdM,yfdK
TU00322	potF,potG,potH,potI
TU0-13004	lipA
TU0-14635	flu
TU0-13473
TU0-13066	yliI
TU0-14715	murP,murQ
TU0-13470	yodB
TU0-6942	lepA,lepB
TU0-13430	yebW
TU0-13642	ypfN,dapE,yffB
TU0-1	fabG,fabD,fabH,plsX,rpmF
TU0-42478	leuD,leuC,leuB,leuA,leuL
TU00021	dusB,fis
TU21	cpoB,pal,tolB
TU0-14670	alr
TU00358	dksA,sfsA
TU362	phr,ybgA
TU0-198712	fhuB,fhuD,fhuC,fhuA
TU0-13174	cvrA
TU0-8672	ybjM
TU0-8521	srmB
TU0-12834	yaeP,rof
TU0-4191	yggN
TU0-13995	secB,gpsA
TU00093	mtr
TU0-14786	actP
TU0-12796	insA1,insB1,insAB1
TU0-14357	clpS
TU0-6651	ilvA
TU0-42503	ssrA
TU352	arcA
TU0-6505	hemN
TU00191	metC
TU0-13774	ygeX
TU0-14333	sraB
TU0-14692	pstS
TU0-12871	yagK
TU0-13333	rspA,rspB
TU0-13074	ybjS
TU0-5964	serC
TU0-13728	ygcP,ygcO,ygcN
TU0-45172	ssrS
TU0-5021	uxaA,uxaC
TU00258	def,fmt
TU00207	wcaB,wcaA,wzc,wzb,wza
TU0-13124	yceK
TU00454	sdaC,sdaB
TU0-198713	glnG,glnL
TU-8408	fliE
TU00466	ppiA
TU522	mazG,mazF,mazE
TU0-13415	yoaB
TU0-8471	pgaD,pgaC,pgaB,pgaA
TU0-13110	gnsA,ymcE
TU00337	rpmJ,secY,rplO,rpmD,rpsE,rplR,rplF,rpsH,rpsN,rplE,rplX,rplN
TU0-36435	yjbH,yjbG,yjbF,yjbE
TU0-13256	mokB
TU0-14034	ppiC
TU0-198696	sfmC,sfmA
TU0-45166	ymgC,ariR,ymgA,ycgZ
TU0-13389	ynjE
TU0-8767	amiC
TU0-13498	wcaK,wcaL,wcaM
TU702	proX,proW,proV
TU0-14516	ybjN
TU0-4522	gntR
TU0-8478	dosP,dosC
TU0-3124	cueO
TU0-13021	chiZ,chiQ,chiP
TU0-12973	ybcK
TU00024	galS
TU0-13582	yfbU,hxpA
TU0-36423	ssrS
TU00448	nuoN,nuoM,nuoL,nuoK,nuoJ,nuoI,nuoH,nuoG,nuoF,nuoE,nuoC,nuoB,nuoA
TU0-42544	nanS,nanM,nanC
TU0-13383	hxpB
TU0-12934	ybaE
TU0-45287	C0293
TU821	adiY
TU0-4141	dsbC
TU0-8864	pdxY,tyrS,pdxH
TU0-14075	frvA,frvB,frvX,frvR
TU-8396	dolP
TU0-13176	ymgE
TU0-13794	fau,ssrS
TU0-8469	fbaB
TU0-14065	yihP,yihO
TU00426	rpoH
TU0-13972	bcsG,bcsF,bcsE
TU0-8845	ldrC
TU00027	glnZ,glnG,glnL,glnA
TU00146	cysC,cysN,cysD
TU0-8674	ycaN
TU0-14063	yihN
TU0-13391	sppA
TU0-8575	yhbP
TU00231	accB,accC
TU00492	lysT,valT,lysW
TU0-8743	eamB
TU0-4624	nfsB
TU0-12797	rihC
TU0-13763	ygeH
TU0-14244	yciY
TU0-13321	rzoQ,essQ,ydfR,rrrQ,rzpQ
TU0-7603	glxK,ybbY,allB,allW,glxR,hyi,gcl
TU0-8506	rpmE
TU0-13503	sibB
TU0-41656	yceI
TU0-12963	ppiB,lpxH
TU586	gadX,gadA
TU0-8590	wecH
TU0-2081	mfd
TU0-14531	nuoN,nuoM
TU0-13710	ygaP,ygaV
TU00117	bioB,bioF,bioC,bioD
TU0-2521	fiu
TU00255	dadA,dadX
TU00049	ompC
TU0-8301	pta,ackA
TU-8423	rutR
TU0-8548	yahN
TU0-12915	ppnP
TU0-13848	folB
TU0-14032	kup
TU0-42452	ppx,ppk
TU423	mdfA
TU00167	tonB
TU0-13530	yohC
TU0-42516	ilvL
TU0-13589	yfcH,folX
TU0-13527	mlrA
TU0-8349	macB
TU0-13209	ymjE,puuP,puuA
TU0-13093	asnS
TU00303	motR,cheW,cheA,motB,motA
TU0-12889	pdeL
TU00161	fruA,fruK,fruB
TU00286	hsdS,hsdM
TU784	rsd
TU0-13644	ypfJ,tmcA
TU0-13866	yhaH
TU0-14220	yjjW
TU0-6631	tyrP
TU0-13462	yedI
TU-8392	prfB,recJ,dsbC
TU0-13949	yhhH
TU0-1181	rrfA,rrlA,alaT,ileT,rrsA
TU00020	fhuA,fhuC,fhuD,fhuB
TU0-13965	ccp
TU0-42492	yhjX
TU0-42694	aroD
TU0-8793	fadE
TU0-13769	ygeQ
TU0-13168
TU0-13364	ydhY,ydhV,ydhW
TU863	yciU,clsA
TU0-13703	ypjC
TU0-42568	aroM,yaiA,aroL
TU0-14762	ymgC,ariR,ymgA,ycgZ
TU0-13482
TU0-13798	srsR
TU0-1022	nrdH,nrdI,nrdF,nrdE
TU00204	speB,speA
TU0-13857	ygjQ
TU0-13541	yeiE
TU0-14558	cas2,cas1,casE,casD
TU0-5661	mcrC,mcrB
TU00172	glnQ,glnP,glnH
TU0-198690	stfZ
TU0-14039	rffM,wzyE,wecF,wzxE,wecE,rffC,rffH,rffG,wecC,wecB,wzzE,rfe
TU00360	speFL,potE,speF
TU0-14116	yjbJ
TU782	zraP
TU0-44196	allB
TU0-14062	yihM,yihL
TU0-13624	murR
TU0-42524	mpaA,ymjC,ymjD,ycjY
TU0-1963	glcC
TU0-5321	fadJ,fadI
TU0-13101	csgI
TU0-13350	add
TU0-13370	rprA
TU0-12816	yadI
TU0-8495	rdgC
TU0-12940	pdeB
TU00227	eda,edd
TU0-5121	tufA,fusA
TU0-8539	yacH
TU0-42564	bglG
TU0-8518	glmZ
TU0-8855	pheM,rplT
TU0-7806	hemL
TU00344	rpoZ,spoT,trmH,recG
TU0-6981	cspI
TU0-13342	ydgD
TU0-6486	cspD
TU0-14320	qseG
TU0-13420	mntP
TU0-13373	aroD,ydiB,ydiN
TU0-14166	yjfF,ytfT,ytfR,ytfQ
TU00474	glnB
TU0-3123	ybaT,glsA
TU00115	betA,betB,betI
TU00206	rbsZ,rbsR,rbsD,rbsA,rbsC,rbsB,rbsK
TU0-14294	glaR
TU00432	uspA
TU00016	cyaA
TU0-8365	bcsC,bcsZ,bcsB,bcsA
TU0-14199	yjiH,yjiG,iadA
TU0-6550	gltX
TU0-14018	dgoR,dgoK,dgoA,dgoD,dgoT
TU0-12870	insA3,insB3,insAB3
TU0-14298	macB,macA
TU0-8522	chiX
TU0-14677	artM,artQ,artI,artP
TU0-13555	rsuA
TU0-8735	yfeH
TU0-7822	ybjG
TU0-14114
TU0-42559	gcvR
TU0-6683	ptrA
TU0-14112	yjbH,yjbG,yjbF
TU0-7421	glk
TU0-13216	ycjY
TU0-8624	yjiC
TU0-13353	gstA
TU0-8454	nei,pxpA,pxpC,pxpB,ybgI
TU0-42543	nanA
TU0-12965	folD,ybcJ
TU0-14640	glk
TU0-13206	sapA,sapB,sapC,sapD,sapF
TU0-13865	yqjG
TU0-13986	yiaW,yiaV
TU00111	argD
TU0-962	sohB
TU0-3645	rutA,rutB,rutC,rutD,rutE,rutF,rutG
TU0-13374	ydiO,ydiF
TU0-14222	hipH
TU00106	gltA
TU0-12996	rnk
TU0-198701	actP,yjcH
TU0-8837	intD
TU00133	srlA,srlE,srlB,srlD,gutM,srlR,gutQ
TU0-14407	hypF
TU0-42449	yffP,yffO
TU00315	folK,pcnB
TU0-14614	tig
TU0-12932	fadM
TU0-7803	slyB
TU0-6515	ung
TU0-3141	chiA
TU0-12791	satP
TU0-1187	rrfG,rrlG,gltW,rrsG
TU0-8671	rcdA
TU0-8745	alaE
TU0-44211	xapB
TU0-14215	rsmC
TU0-14218	ytjA
TU0-8341	rtcR
TU0-13040	modE,modF
TU0-13761
TU0-8526	sseA
TU0-14795	fnrS
TU0-14224	serB
TU0-8553	ybaZ
TU0-3101	emrY,emrK
TU0-6241	tisB
TU0-12946	ybaN
TU0-8863	aslB
TU0-12980	ybcW
TU00078	cysH,cysI,cysJ
TU0-42590	relA
TU00192	glyA
TU0-1805	pspF
TU00324	lysS,prfB
TU0-13975	eptB
TU0-13597	yfcZ
TU00155	proP
TU0-13940	insB6,insA6,insAB6,yhhZ
TU0-13184
TU0-7842	rpsT
TU0-13351	blr
TU00266	fabH,fabD,fabG
TU4	paaZ
TU0-8542
TU0-45248	alkB,ada
TU00304	mreD,mreC,mreB
TU0-8723	yegH
TU00520	pheU
TU0-13987	yiaY
TU241	msrA
TU00164	fepB
TU0-8352	bssS
TU0-13147	ymfE,ymfD
TU0-13871	yhaC,yhaB
TU0-13800	mscS
TU0-5569	yggX
TU0-6621	ppiD
TU0-42626	sdiA
TU0-42454	appY
TU00031	glpD
TU0-8485	oxyS
TU0-45281	cpxA,cpxR
TU0-13633	yffS
TU0-13134	rluC
TU0-3104	trxC
TU0-6635	atpC,atpD,atpG,atpA,atpH,atpF,atpE,atpB
TU00098	araH,araG,araF
TU0-12860	ykfA,yafZ
TU0-12988	ybdJ
TU0-8827	marC
TU0-13518	mrp
TU0-36425	iraM
TU0-14699	mdfA
TU0-13818	pitB
TU0-8697	dgcM
TU0-5402	malZ
TU00478	yhfA
TU0-1783	metK
TU0-6653	pheA,pheL
TU0-198695	xtpA
TU0-14314	truD
TU0-4703	lacA,lacY,lacZ
TU0-12937	mdlB,mdlA
TU0-14072	yiiF
TU0-3464	yeaY
TU0-14308	yhfK
TU0-42552	tynA
TU501	feaR
TU00444	ubiX,purF,cvpA
TU0-14370	aspT
TU0-8693	ycjG
TU0-12815	yadH,yadG
TU0-8368	cobT,cobS,cobU
TU0-36402	fhuF
TU0-13228	kilR,ydaE
TU0-12882	insF1,insE1,insEF1
TU0-13823	dkgA,yqhD
TU0-12841	mltD
TU0-12999	citC,citD,citE,citF,citX,citG
TU00273	flgB,flgC,flgD,flgE,flgF,flgG,flgH,flgI,flgJ
TU0-13435	ptrB
TU0-198745	nikR,nikE,nikD,nikC,nikB,nikA
TU0-45213	mpl
TU0-14818	fbaA,pgk
TU0-1201	gdhA
TU0-961	sohB
TU0-14350	yceM
TU0-8714	dgcP
TU0-13830	parC
TU101	uxuB,uxuA
TU0-14537	deoD,deoB,deoA
TU0-12910	insE2,insF2,insEF2
TU0-14396	crp
TU0-1461	dctA
TU0-14536	glcA,glcB
TU0-42571	ygeA,araE
TU347	arcA
TU0-8081	fbaA,pgk
TU0-13222	abgA,abgB,abgT,ogt
TU-8399	yecR
TU0-8302	pta
TU0-14499	pspE
TU0-8638	yncE
TU0-4404	ymjE,puuP
TU0-12895	yahK
TU0-44202	gnsA
TU00377	pflB,focA
TU00094	purA
TU0-44193	btuD
TU0-14303	yeiL
TU0-8664	ytfH
TU00003	araC
TU0-8761	dcuD
TU0-13219	insH4
TU0-6506	hisS
TU-8434	yicI,yicJ
TU0-14258	norR
TU0-921	trhO
TU0-13952	yhiI,rbbA,yhhJ
TU0-8842	kptA
TU0-13955
TU0-13873	yraH
TU0-13799	argO
TU00449	tsx
TU0-13709	yqaE
TU-8431	rnlB
TU00321	potD,potC,potB,potA
TU0-13778	yqeB
TU0-8367	rssB,rssA
TU00100	cydA,cydB
TU0-13084	ycaO
TU00158	ndh
TU0-3401	ryhB
TU0-1063	fkpA
TU0-42483	rmf
TU0-13297
TU00247	caiE,caiD,caiC,caiB,caiA,caiT
TU0-8530	torT
TU0-13698	yfjW
TU0-42511	hisL
TU0-3122	copA
TU0-13845	sibD
TU0-8562	ybeT
TU141	caiF
TU0-12931	ybaV
TU0-13994	trmL
TU0-8245	yebB
TU0-13338	bidA
TU0-14087	priA
TU00046	nirB,nirD,nirC,cysG
TU0-13768
TU0-42697	fucO
TU0-12825	yaeH
TU00365	thiS,thiH,thiG,thiF,thiE,thiC
TU0-14185
TU182	fimR2,fimD,fimH,fimG,fimF,fimC,fimI,fimA
TU0-14528	rrfB,rrlB
TU0-13018	miaB
TU0-6625	speB
TU0-14142	yjeJ
TU0-42468	cbrA
TU0-5621	arcB
TU00091	malT
TU0-45224	csgC,csgB,csgA
TU0-14424	ryjB
TU0-8836	insH9
TU00013	bioA
TU0-8677	matP
TU0-8821	mrr
TU368	plaR
TU-8441	ytfE
TU0-13704	ileY
TU0-13385	ydjO
TU0-5543	mutM,rpmG,rpmB
TU0-6021	dcuA,aspA
TU0-14273	rne
TU00268	fdhE,fdoI,fdoH,fdoG
TU0-13450	yecA
TU0-13012	djlC,ybeU
TU0-14339	ispZ,cdsA,ispU
TU0-13378	nlpC
TU0-14093	yijO
TU0-13550	mepS
TU0-1062	dsbA
TU346	arcA
TU0-8726	yeiG
TU0-13883	folP,glmM
TU0-5761	gadY
TU0-13109	insB4,insA4,insAB4
TU0-7844	rpsT
TU0-13245	insC2,insD2,insCD2
TU00428	lrhA
TU0-13346	tus
TU0-8607	zapB
TU0-13620	ligA,ypeB
TU0-45253	sohB
TU0-36433	lptB,lptA
TU0-13398	yeaD
TU00087	tyrB
TU0-1341	argP
TU-8394	qseC,qseB
TU345	arcA
TU0-14540	rutR
TU0-13426	msrC
TU00130	uhpU,uhpT
TU0-13791	ygfF
TU0-13735	rlmD
TU0-8591	yiaT
TU0-1421	ydeA
TU0-8586	yhiM
TU0-14316	yhjR
TU0-13688	intA
TU0-13427	letB,letA
TU0-8684	comR
TU0-42548	feaR
TU0-14060	yihI
TU0-13280	pptA
TU0-14751	dpiA,dpiB
TU491	xseA
TU0-13490	plaP
TU0-8812	ompX
TU0-13879	yhbW
TU0-13515	rcnB
TU0-13626	ypeA,yfeZ
TU0-12837	rcsF,trmO
TU0-45284	bolA
TU00510	serX
TU0-13300	tam
TU0-7164	waaA
TU0-198738	yqhJ
TU0-14388	mreB
TU0-14013	emrD
TU0-6556	pepD
TU0-14547	alsE,alsC,alsA,alsB
TU0-8375
TU0-8487	pdxK
TU0-13919	yheU,yheT,yheS
TU0-13250	ynbD,ynbC,ynbB,ynbA
TU0-13831	ygiS
TU365	phr
TU0-13678	yfiL
TU0-14068	yihU,yihT,yihS
TU00150	exuT
TU461	dadX,dadA
TU0-1841	inaA
TU0-13013	hscC
TU0-8826	opgC
TU0-13807	hemW,rdgB,yggU,yggT,yggS
TU00443	pgk,epd
TU00516	glyU
TU0-14296	rhaM
TU0-8640	yniB
TU0-6425	manA
TU358	cydB,cydA
TU0-13345	folM,ydgI
TU00375	dsdA
TU0-14650	rpoS
TU0-13264	sutR
TU00240	artM,artQ,artI,artP
TU00168	mglC,mglA,mglB
TU00523	lpd
TU0-8475	yciZ,yciT
TU0-8519	ryjA
TU0-13780	mocA
TU0-8510	tusA
TU0-13220	ynaJ
TU00299	minE,minD,minC
TU0-13705
TU0-8839	mcaS
TU0-13565	yfaV,yfaU
TU-8401
TU0-14472	yciH,pyrF,lapB,lapA
TU0-14106	arpA
TU0-13523	yehQ,yehP,yehM,yehL
TU0-13917	slyD
TU682	rnpA,rpmH
TU795	ymiC,acnA
TU0-12982	tfaD
TU0-13088	kdsB,ycaR
TU0-13257	sokB
TU0-2082	mfd
TU0-4901	gadF,gadE
TU0-13164	ymgF
TU0-13076	lysO
TU0-14613	iraP
TU0-1425	ftsZ
TU0-14231	bax
TU0-8792	envR
TU0-45255	can
TU0-13157	ycgX
TU0-12933	queC
TU0-14612	ampH
TU0-8822	mrcA
TU00184	livF,livG,livM,livH,livK
TU0-12838	gmhB
TU0-13384	tcyP
TU0-13456	yedK
TU-8414	malQ
TU0-8325	acrR
TU0-965	rraA,menA
TU0-8326
TU0-13721	ygbK,ygbJ
TU0-45209	rrfC,rrlC,gltU,rrsC
TU0-198705	sdhB,sdhA,sdhD,sdhC
TU0-12850	yafL
TU0-13118	ycdU
TU0-14210	lgoT
TU0-14412	eno
TU0-8533	ubiF
TU0-13121	ycdZ
TU00084	rpoH
TU00320	pntB,pntA
TU0-6362	ytfJ
TU0-5561	nupG,mltC,yggX,mutY
TU462	dadX,dadA
TU00398	osmE
TU0-13659	yfhR
TU0-14549	tpr,tyrV
TU0-13913	gspO,gspM,gspL,gspK,gspJ,gspI,gspH,gspG,gspF,gspE,gspD,gspC
TU0-12852
TU0-8728
TU0-8687	ycgJ
TU0-13251	hrpA
TU0-6507	katE
TU0-8813	ompW
TU0-13635	eutN,eutE,eutJ,eutG
TU0-42538	fabF
TU0-13521	yehI
TU0-8647	yobH
TU0-13715	yqaB,yqaA
TU0-8455	pxpA,nei,pxpC,pxpB,ybgI
TU0-42477	leuO
TU0-8479	appY
TU0-5341	yehW,yehX,yehY,osmF
TU781	cedA
TU0-14194	yjhP
TU0-12864	mmuM,mmuP
TU0-13082	ycaM
TU0-4288	iclR
TU0-14730	uvrB
TU0-6882	ilvH,ilvI
TU0-8579	yhgE
TU00159	fumB
TU0-8346	frlR,frlD,frlC,frlB,frlA
TU0-42630	sdsN
TU0-45208	gor
TU0-13853	fadH
TU0-8676	elyC
TU00500	argW
TU0-42656	leuO
TU00379	pflB,focA
TU0-14269	mazF,mazE,relA
TU00238	pncA,ansA
TU0-4906	gapA
TU0-3741	metL,metB
TU0-13410	dmlA
TU0-12847	yafJ
TU0-14202	yjiM,yjiL
TU00305	ccmH,ccmG,ccmF,ccmE,ccmD,ccmC,ccmB,ccmA,napC,napB,napH,napG,napA,napD,napF
TU26	eda
TU0-13476	yeeN
TU0-13571	elaB
TU544	tpx
TU0-14119	dnaB
TU00291	ribF,ileS,lspA,fkpB,ispH
TU0-12836	yaeF
TU0-12991	ybdD
TU0-13036	lysQ
TU0-13878	ubiV,ubiU
TU00112	asnA
TU0-13130	grxB
TU0-13691	yfjJ
TU0-6363	ybhK
TU0-44215	speD
TU0-42482	fumC
TU0-14387	mreD,mreC,mreB
TU0-44200	frlR
TU0-3841	rluA,rapA
TU0-8733	smrB
TU0-45192	sixA
TU0-8658	nfeR
TU00127	ebgA,ebgC
TU0-13501	yegL,pphC
TU582	rnb
TU0-8509	sieB
TU0-8600	yidX
TU00129	nupG
TU00241	ascF,ascB
TU0-14359	rcsB,rcsD
TU0-12880	matA
TU0-13528	yohO
TU0-5501	argG
TU0-13226	recE,recT,ralR,rcbA,xisR,intR
TU792	xapR
TU00218	metF
TU0-6405	valS
TU0-13479	insH6
TU0-4786	crr
TU0-14513	cadA
TU790	bidA,mlc
TU0-8760	abgR
TU523	mazG,mazF,mazE
TU0-1601	nanQ,nanK,nanE,nanT,nanA
TU0-13393	ydjF
TU0-13035	lysZ
TU0-12835	nlpE,arfB,yaeQ
TU00308	nikR,nikA,nikB,nikC,nikD,nikE
TU0-45285	lon
TU0-6281	murI,btuB
TU00439	uraA,upp
TU0-8656	yqhA
TU0-14302	glgP,glgA,glgC,glgX,glgB
TU0-12811	ppdD,hofB,hofC
TU-8388	recC
TU0-8617	rraB
TU0-14638	gatA,gatB,gatD,gatZ
TU0-13106	gfcE,etp,etk
TU0-13827	ygiQ
TU0-8516	sraG
TU0-8787	dld
TU0-6407	yciH,pyrF
TU0-198727	ymiB
TU0-4242	yghF
TU0-14636	flu
TU0-6501	cysE
TU0-8722	dgcE
TU00373	yajO,dxs,ispA,xseB
TU0-14342	yraN
TU0-8809	helD
TU0-13811	yghE,yghD
TU0-42535	patD,ydcV,ydcU,ydcT,ydcS
TU681	hmp
TU0-13196	yciK,btuR
TU0-42584	galK,galT,galE
TU00211	soxS
TU0-42540	ompN,ydbK
TU0-8598	yidR
TU0-14679	phr,ybgA
TU0-13416	yoaC
TU0-6428	eno,pyrG
TU0-14078	fieF
TU00229	gntT
TU00037	lexA,dinF
TU0-13757	yqeF
TU0-8550
TU0-13151	tfaP,ycfK,ymfQ,beeE,ymfR,ymfN,ymfM,ymfL,ymfT
TU0-198726	ymdG
TU0-13693	yfjM
TU0-13113	yccE
TU00044	narG,narH,narJ,narI
TU0-14046	pldA
TU0-13852	ygjK,ygjJ
TU0-13981	ysaB
TU0-7581	polB
TU0-8504	ribC
TU00156	narL,narX
TU0-13934	yzgL
TU0-13051	hcxB
TU0-12947	apt
TU0-198742	proV
TU0-13847	ygiF,glnE
TU0-13487	sbmC
TU0-1581	cspA
TU0-14243	insQ
TU0-13145	rluE,nudJ
TU00265	exbD,exbB
TU0-14198	hypT
TU0-8121	talB
TU0-14697	mdtF,mdtE
TU0-13810	yqgA
TU00050	ompF
TU0-8589	yiaF
TU0-14740	pepA
TU0-6581	agaV,kbaZ
TU0-13034	lysY,valZ
TU0-6881	ilvH,ilvI
TU0-14130	yjdP
TU0-1195	recF,dnaN
TU0-42700	glpQ
TU00033	ilvY
TU0-8721	yegD
TU0-42480	gapA
TU0-14794	greA
TU0-12962	ybcF,ylbF,ylbE,fdrA
TU0-13869	cyuP,cyuA
TU0-45211	murP,murQ
TU0-8808	hdfR
TU0-4502	alsE,alsC,alsA,alsB,alsR
TU0-14719	gadW
TU0-8555	yajQ
TU0-13945	dcrB
TU0-45232	ptsH,ptsI,crr
TU0-0	cysG
TU0-45258	patA
TU0-14089	yijE
TU0-4802	bglB,bglF,bglG
TU0-6551	gltX
TU0-6921	tktB,talA
TU00134	udp
TU0-7044	uvrB
TU00455	corA
TU0-13557	rplY
TU872	trpS,gph,rpe,dam,damX,aroB,aroK
TU0-14113	xylE
TU00040	melR
TU00387	cbpM,cbpA
TU0-14121	aphA
TU0-13546	psuK,psuG
TU0-13694	yfjQ,yfjP
TU0-13253	cybB
TU0-14071	yiiE
TU0-14204
TU0-6702	sdhB,sdhA,sdhD
TU0-13785	uacT
TU404
TU0-13636	eutS,eutP,eutQ,eutT,eutD,eutM
TU0-42493	cspI
TU0-4742	ompA
TU0-13553	yejG
TU0-14617	entH
TU0-14701	ygiC,ygiB,tolC
TU0-14433	gadW,gadX
TU0-13731	ygcU
TU0-12992	ybdM
TU0-3982	csiE
TU00165	fepC,fepG,fepD
TU0-8523	ybaP
TU0-13382	yniA
TU0-3602	prpE,prpD,prpC,prpB
TU0-3	cpxA,cpxR
TU0-13460	dgcQ
TU0-14658	rpsK,rpsD,rpoA,rplQ,rpsM
TU0-14468	phoQ,phoP
TU0-8536	uspG
TU00245	basS,basR
TU0-13495	ugd
TU0-12842	gloB
TU0-2621	sufE,sufS,sufD,sufC,sufB,sufA
TU0-8262	insK
TU484	acpS,pdxJ
TU0-8730	nudI
TU0-8778	crcB
TU0-13045	ybhC
TU359	cutA
TU0-13647	yfgG
TU0-45231	gadC,gadB
TU0-2101	ybjN,rimK,nfsA,ybjC
TU686	focB,hyfR,hyfJ,hyfI,hyfH,hyfG,hyfF,hyfE,hyfD,hyfC,hyfB,hyfA
TU0-14051	rmuC
TU0-45180	groL,groS
TU0-45262	yciH,pyrF,lapB,lapA
TU0-7601	allA
TU0-14105	yjaA
TU0-198719	sokE
TU0-8524	ybaQ
TU00372	uxaB
TU0-7201	iroK,hcaR
TU0-13640	aegA
TU0-45273	fbaA,pgk,epd
TU0-13452	sdiA
TU0-8764	acpH
TU00068	tyrR
TU0-13007	ybeD
TU685	nikR
TU00101	cyoE,cyoD,cyoC,cyoB,cyoA
TU0-42491	btsT
TU00006	argI
TU0-8501	rhtB
TU0-14292	lptB,lptA
TU00082	purK,purE
TU0-6510	ppc
TU0-13096	zapC
TU0-13880	deaD
TU0-8702	ydcO
TU0-8473	dtpA
TU0-14674	groL
TU0-13358	ydhL
TU00065	ssb
TU0-14550	pspE,pspD,pspC,pspB
TU0-8720	yedP
TU0-13260	ydcH
TU0-7741	ydeP
TU0-13075	poxB,ltaE,ybjT
TU0-13887	murA
TU0-4903	hdeD
TU0-12961	ylbG
TU0-4702	lacA,lacY,lacZ
TU00041	metA
TU0-8762	omrB
TU0-14097	yijD,fabR
TU0-14226	slt
TU61	rtcA,rtcB
TU0-13235	ynaA
TU0-42698	fucU
TU0-14165	ytfP,tamB,tamA
TU0-13123	clsC,ymdB
TU0-13889	mlaF,mlaE,mlaD,mlaC,mlaB
TU00420	glgS
TU00152	fdhF
TU00336	rpsI,rplM
TU0-13632	yffR,yffQ
TU0-14576	cspE
TU0-1547	cheZ,cheY,cheB,cheR,tap,tar
TU0-13836	ygiN
TU0-13499	wcaC,wcaD,wcaE,wcaF,gmd,fcl,gmm,wcaI,cpsB,cpsG,wcaJ,wzxC
TU0-12969
TU00147	nupC
TU0-13289	pqqL
TU0-13267	ydcR
TU0-14355	rsmB
TU0-13713	ygaH,ygaZ
TU0-14253	ispH,fkpB,lspA
TU0-13764	ygeI
TU0-8541	yafC
TU00252	cobT,cobS,cobU
TU00166	entC,entE,entB,entA,entH
TU0-8739	yfgO
TU00141	pck
TU0-3421	lpxP
TU00333	rnt,lhr
TU0-2706	metJ
TU0-14429	csgG,csgF,csgE,csgD
TU0-5202	apaH,apaG
TU0-8867	yjjA,dnaC,dnaT,yjjB
TU0-8644	yoaF
TU0-12951	hemH
TU0-6634	aceF,aceE
TU0-13524	yehR
TU0-13089	ycbJ
TU0-13038	zitB
TU0-13673	yfiM
TU0-13896	zapE
TU0-7901	mglC,mglA
TU403
TU00381	pflB
TU0-13609	yfdV
TU0-13606	ypdJ
TU0-14574	leuU,secG
TU0-12821	clcA
TU0-14625	acnA
TU00225	tdh,kbl
TU0-13888	ibaG
TU0-13242	ydbL,ynbE,ydbH
TU0-13864	yqjF
TU0-3102	trxA
TU0-13899	yhcN
TU0-36431	lptB,lptA,lptC,kdsC
TU0-14228	coaA
TU0-42572	ralA
TU0-45288	hemF
TU0-42463	ddpF,ddpD,ddpC,ddpB,ddpA,ddpX
TU0-198718	och5
TU0-5061	metA
TU0-13162	ymgC
TU0-13299	lsrK,lsrR
TU0-8332	ydhP
TU0-6562	proS
TU0-12823	dgt
TU0-13558	lapC,yejL
TU348	arcA
TU0-14219	yjjV,yjjU
TU0-8623
TU0-198708	tauC,tauB,tauA
TU0-52570	aspX
TU0-13285	yddM
TU0-14619	clsC
TU0-8494	purT
TU0-45235	ilvY
TU0-13120	ycdY,ycdX
TU00390	csgC,csgB,csgA
TU0-14037	rhlB
TU00149	dsdC
TU0-14134	adiC
TU00189	nfo
TU0-45270	eno
TU0-42605	ampG,yajG
TU0-8343	scpC,scpB,argK,scpA
TU0-13077	aat
TU0-14174	yjgL
TU0-12906	yaiP
TU0-8706	ydeJ
TU0-12914	yaiI
TU00452	endA
TU601	rpmF,yceD
TU00011	aroL,yaiA,aroM
TU00392	csgG,csgF,csgE,csgD
TU0-13065	bssR
TU0-13942	yhhL,rsmD
TU00064	sodA
TU0-1188	rrfG,rrlG,gltW,rrsG
TU0-42514	tnaC
TU00356	topB,ydjA,selD
TU0-42497	gluQ,dksA
TU0-14163	ytfI
TU877	trpS,gph,rpe
TU0-45193	bidA,mlc
TU00177	envZ,ompR
TU0-2441	treR
TU0-1545	flgO,flgL,flgK
TU0-13570	pmrD
TU0-1541	tsr
TU0-4521	gntR
TU0-13999	waaH
TU0-12974	ybcM,ybcL
TU0-8583	panZ
TU00400	htpX
TU0-14759	hflC,hflK,hflX,hfq,miaA,mutL,amiB,tsaE
TU0-13839	ribB
TU00319	phoQ,phoP
TU0-13307	mgtS
TU0-13920	prkB
TU0-14822	pykF
TU369	gadC,gadB
TU546	adhE
TU0-6301	ybiB,dinG
TU0-1342	cbl
TU0-7681	tfaQ,stfQ,nohA
TU0-13372	ydiM
TU00047	yfaE,nrdA,nrdB
TU0-7321	mntH
TU0-14739	ogt
TU0-14155	yjfN
TU0-14478	nfuA
TU0-14366	ybgE,cydX
TU0-12997	rna
TU0-8849	luxS
TU0-13783	ghxQ,guaD,xanQ
TU0-13892	yhcD,yhcA
TU00402	htpG
TU0-13362	ydhS
TU793	torR
TU0-7	tsr
TU0-45176	galK,galT,galE
TU0-14629	pdxY,tyrS
TU0-8800	fsaA
TU0-14642	cysK
TU0-7962	dhaR
TU0-42599	ascB
TU0-8802	ggt
TU0-8477	cysS
TU0-8573	yhaJ
TU0-3426	yaiW,sbmA
TU0-42504	yfeD,yfeC
TU0-8838
TU0-13950
TU0-14819	gpmA
TU0-13129	yceB
TU0-13412	yeaX
TU0-14000	htrL
TU00019	dmsA,dmsB,dmsC
TU00411	grpE
TU0-41793	gadC
TU0-13349	hdhA
TU0-8566	ybhQ
TU00034	katG
TU0-14771	cspC,yobF
TU0-3304	infC
TU0-8554	yaiZ
TU0-8474	rpsO
TU0-13471	mtfA
TU0-14245	ymdF
TU0-14327	rnlB,rnlA
TU0-45216	phoU,pstB,pstA,pstC,pstS
TU0-13743	mltA
TU00491	argU
TU0-13680	ffh
TU0-6661	ruvB,ruvA
TU0-14618	ybjT,ltaE
TU0-14122	yjbR,yjbQ
TU123	putP
TU00114	atoB,atoD,atoA,atoE
TU0-42640	rseD,rseC,rseB,rseA,rpoE
TU0-13574	elaD
TU00297	opgG,opgH
TU00503	argX,hisR,leuT,proM
TU0-14621	bssS
TU0-13441	lpxM
TU0-12928	tig
TU0-36427	lacI,mhpR
TU0-14317	wbbK,wbbJ,wbbI
TU0-14654	eno,pyrG
TU00010	aroH
TU00022	fnr
TU0-13856	ygjP
TU0-8649	yohD
TU0-14803	ykfI,yafW,ykfH,ykfG,yafX,ykfF,ykfB
TU00157	fdnG,fdnH,fdnI
TU0-13112	torS
TU0-14813	pfkA
TU0-14514	csgC
TU0-14495	yacG
TU0-42569	serC
TU00175	ihfB
TU0-8221	metE
TU0-42614	lgt
TU0-7821	pagP
TU0-14420	symR
TU00242	ascG
TU00300	moaA,moaB,moaC,moaD,moaE
TU0-6408	pfkB
TU621	dcuA
TU00226	argE
TU0-12846	gmhA
TU00483	ptsH,ptsI,crr
TU0-13429	yebV
TU0-6484	blc
TU0-44197	allB
TU0-14631	pykF
TU0-13906	yhdU
TU0-8373	dnaE,rnhB,lpxB,lpxA,fabZ,lpxD,skp,bamA
TU0-13638	ypfG
TU0-13580	yfbR
TU0-13872	yhaV,prlF
TU0-13514	rcnB,rcnA
TU0-13592	yfcJ
TU0-4421	nagE
TU0-7461	amyA
TU0-45153	mqsA
TU0-42672	mlaB,mlaC,mlaD,mlaE,mlaF
TU0-8635	ymfI
TU0-6422	amn
TU0-14479	hslO,hslR
TU0-8768	ampH
TU00196	manX,manY,manZ
TU0-13156	iraM
TU0-12896	yahL
TU0-14190	yjhU
TU0-14362	insH7
TU0-6511	rep
TU00256	bamC,dapA
TU0-12885	rclC,rclB,rclA
TU0-13594	yfcS,yfcR,yfcQ,yfcP,yfcO
TU0-42461	azoR
TU0-13646	hda
TU0-13210	puuE,puuB,puuC,puuR,puuD
TU0-14213	yjjP
TU0-13561	ftp
TU0-13552	yejF,yejE,yejB,yejA
TU0-1803	pspF
TU0-1064	fkpA
TU0-13178	ycgV
TU0-14573	leuU,secG
TU0-13593	prmB,aroC,mepA,yfcA,epmC,yfcL
TU0-14324	yjaH
TU0-14500	yajO
TU0-13428	rsmF
TU00182	gltB,gltD,gltF
TU0-45269	rrfH,rrlH,alaV,ileV,rrsH
TU0-13440	pykA
TU00097	appX,appC,appB,appA
TU0-14681	gluQ,dksA
TU00066	sulA
TU0-14634	aspS
TU0-963	mpl
TU0-13664	yphG
TU00077	cysB
TU0-12863	ykfC
TU641	aroP
TU00518	leuU
TU0-4823	gabP,gabT,gabD
TU0-14718	gadW
TU0-4701	lacA,lacY,lacZ
TU424	hypF,hydN
TU0-13399	yeaE
TU0-6554	pabA
TU0-13227	racC
TU0-13261	ydcL
TU482	rnpB,garK,garR,garL,garP
TU0-13400	mipA
TU0-198737	yqfI
TU0-45266	oxyR
TU0-7501	bglX
TU502	cfa
TU0-41760	ompN,ydbK
TU00493	valV,valW
TU00311	rimP,infB,nusA
TU0-13453	dcyD,tcyL,tcyN
TU0-5081	uidC,uidB,uidA
TU00489	aspV
TU0-13407	yeaR,yoaG
TU00522	pdhR,aceE,aceF,lpd
TU0-13699	ypjF,yfjZ,ypjJ,lfgB,lfgA
TU0-8832	insH10
TU0-13255	hokB
TU0-14080	sbp
TU00197	codB,codA
TU0-45239	pfkA
TU0-14675	ydhT,ydhU,ydhX,ydhW,ydhV,ydhY
TU0-14769	ykgR
TU0-14131	yjdN
TU00014	cirA
TU0-14445	ftsO,lpxC,ftsZ,ftsA,ftsQ,ddlB,murC,murG,ftsW,murD,mraY,murF,murE,ftsI,ftsL
TU0-8335	mltF
TU0-8700	ydcI
TU0-13669	yfhL
TU00406	mbiA
TU0-12818	yadC
TU0-6569	ansB
TU0-1003	astE,astB,astD,astA,astC
TU0-14132	yjdM
TU0-8819	narP
TU0-13095	ycbF,ycbV,ycbU,elfG,elfC,elfD
TU0-14147	yjeM
TU0-14323	nanC
TU0-14066	yihQ
TU0-8835	insH8
TU0-12901	yaiL
TU0-44213	btuE
TU0-42526	leuE
TU0-8616	ahr
TU0-13572	elaA
TU0-13323	rem
TU00143	cynR
TU0-45277	rrfE,rrlE,gltV,rrsE
TU0-8643	yoaE
TU0-13492	yeeZ
TU0-14559	yehW,yehX,yehY,osmF
TU0-13443	cmoB,cmoA,yecN
TU0-14548	hflC,hflK,hflX,hfq
TU0-42457	csrA
TU0-13439	yebK
TU0-45227	rrfF,thrV,rrfD,rrlD,alaU,ileU,rrsD
TU0-13386	nadE
TU0-8695	ycjW
TU0-1106	aqpZ
TU0-1822	cusS,cusR
TU0-13033	ybgD
TU0-13867	yhaI
TU0-14473	tyrR,ycjF,ycjX
TU0-8848	lit
TU0-13361	ydhR
TU0-13431	sdsR
TU0-8615	yjgA
TU00295	thyA,lgt
TU0-36438	arrS
TU0-42588	galK
TU0-14792	xdhC,xdhB,xdhA
TU0-14403	cyaA
TU00074	ahpC,ahpF
TU0-14502	fucR
TU0-13538	preA,preT
TU0-14026	cbrB
TU0-14030	mioC
TU0-45203	tpiA
TU0-7722	otsB,otsA
TU00120	cpdB
TU0-13610	oxc
TU00388	osmB
TU00136	flhC,flhD
TU0-13449	ftnA
TU0-42664	clsC,ymdB,ymdA
TU0-14763	deaD,yrbN
TU0-12867	yagF,yagE
TU0-8780	cspH
TU0-6481	adk
TU0-12918	proY,brnQ
TU0-4184	lpxD
TU787	rsd
TU0-14288	mtr
TU0-8498	rdlC
TU0-6582	agaR
TU0-45276	asr
TU0-7781	yrbL
TU0-13363	ydhX,ydhU,ydhT
TU0-42580	galE
TU0-8481	nfuA
TU0-13215	ymjC,mpaA
TU526	ilvA,ilvD,ilvE
TU0-13933	rpnA
TU-8398	rapZ,ptsN,hpf,rpoN,lptB
TU0-45197	csiE
TU0-36440	plsB
TU525	ilvX,ilvA,ilvD,ilvE,ilvM,ilvL
TU0-13310	ydfG
TU0-8705	ydeE
TU0-6982	cspB
TU0-14175	pepA
TU0-13023	ybfF
TU0-14736	gadF,gadE
TU0-13283	yddL,yddK
TU0-13447	yecJ
TU0-13627	eutB,eutC,eutL,eutK,eutR
TU0-3862	nhaR,nhaA
TU00399	yjaZ
TU-8390	infA
TU0-14385	insJ
TU0-45247	eptB
TU0-14002	dinD
TU0-13968	yhjE
TU0-14047	recQ
TU0-14551	tdcG,tdcF,tdcE,tdcD,tdcC,tdcB
TU0-45181	adhE
TU0-12877	ykgJ
TU0-12849	dinJ,yafQ
TU0-14158	fklB
TU0-14264	rraA
TU0-14009	yicL
TU-8385	der,bamB
TU0-13651	ndk
TU0-13009	rsfS,rlmH,mrdA,mrdB,rlpA
TU0-45249	mlrA
TU0-941	ftsO,lpxC,ftsZ,ftsA,ftsQ,ddlB,murC,murG,ftsW,murD,mraY,murF,murE,ftsI,ftsL,rsmH,mraZ
TU0-13841	ubiK
TU0-13060	ybiU
TU0-14312	ftsB
TU0-198733	ynfU
TU0-13073	amiD,ybjQ
TU0-13266	hicB,hicA
TU0-8321	slmA,dut
TU0-42566	mepS
TU0-13590	rpnB
TU0-42596	grxC,yibN,gpsA,secB
TU0-13006	lipB
TU602	rpmF,yceD
TU0-13010	leuS,lptE,holA,nadD,cobC
TU0-6557	eno,pyrG
TU0-8657	yqhC
TU0-14532	mreD,mreC
TU0-13677	raiZ,raiA
TU0-12831	cdsA,ispU,dxr
TU0-13742	tcdA
TU0-14372	aspU
TU0-8686	ycgB
TU0-14394	ispH,fkpB,lspA,ileS
TU0-6444	pgi
TU0-45171	hyaA,hyaB,hyaC,hyaD,hyaE,hyaF
TU0-3484	yfeX,yfeY
TU183	fimE
TU00354	secE,nusG
TU00386	bolA
TU0-13240	ompN
TU0-2261	gadX
TU0-14246	ybdR
TU0-13418	pdeD
TU0-12995	dsbG
TU0-14217	prfC
TU0-8696	smrA
TU00389	osmB
TU00419	clpP,clpX
TU0-14356	dfp
TU0-13556	radD
TU00250	chpS,chpB
TU0-13563	yfaA,yfaT,yfaQ,yfaP
TU00070	uvrB
TU0-13502	sibA
TU0-14447	ftsK
TU25	eda
TU0-14336	ispG,sroE
TU0-8203	yggE
TU0-6401	folA
TU0-12953	fsr
TU0-8766	ais
TU0-8593	yibT
TU0-14466	pgpA,thiL,nusB,ribE
TU00140	gyrA
TU00124	speC
TU0-12981	nohD
TU0-13612	alaC
TU0-6508	lacI
TU00270	ybdZ,fes,entF,fepE
TU0-45219	idlP,iraD
TU0-42600	panD
TU0-14546	aroM,yaiA
TU0-14025	yieH
TU0-13446	insA5,insB5,insAB5
TU-8419	yieF,yieE
TU0-14278	fliT,fliS,fliD
TU0-8366
TU0-14118	dusA
TU0-8631	ykgL
TU-8393	cca,ygiM
TU0-7163	waaA
TU0-8546	yagJ
TU0-42513	ivbL
TU0-13422	yobF,cspC
TU0-8145	yiaG
TU0-13057	ybiO
TU0-13951	yhhI
TU0-36398	glnD
TU0-13697
TU0-5	fabG,fabD,fabH,plsX
TU-8422	rzpD,rrrD,essD
TU0-13868	yhaL,yhaK
TU0-13058	rhtA
TU0-13826	yqhH
TU0-13205	ycjD
TU0-14154	yjfC,yjfM,yjfL,yjfK
TU0-13169	ycgL
TU0-14608	acnB
TU0-198735	yohP
TU0-14053	tatD
TU0-14133	rdcB,rdcA
TU0-13686	smpB
TU00301	modA,modB,modC
TU00310	nuoN,nuoM,nuoL,nuoK,nuoJ,nuoI,nuoH,nuoG,nuoF,nuoE,nuoC,nuoB,nuoA
TU0-13529	pbpG
TU0-13519	metG
TU00338	rpmA,rplU
TU0-14806	hemL
TU0-8691	ychO
TU00283	hemY,hemX,hemD,hemC
TU0-14182
TU0-13875	yraQ
TU0-13736	yqcC,truC,yqcA
TU0-45188	metK
TU0-198717	asphoP
TU0-13272	curA
TU00442	rpoS
TU00056	purD,purH
TU0-8281	rimJ
TU0-13234	ydaY,ynaK
TU0-13030	ybfD
TU0-14454	sgbE,sgbU,sgbH,lyxK,yiaO,yiaN,yiaM,yiaL,yiaK
TU0-8750	yggR
TU0-36418	phoU,pstB,pstA,pstC
TU0-8818	nhoA
TU0-198747	hisI,hisF,hisA,hisH,hisB,hisC,hisD,hisG
TU0-13854	higB,higA
TU0-14386	mreD,mreC,mreB
TU0-13730	ygcS
TU0-44224	trxA
TU0-14328	secG
TU0-13477	yeeO
TU0-14054	ubiD
TU0-198689	stfZ
TU0-13547	yeiP
TU490	hupB
TU-8384	yfgD,bepA
TU0-45223	topA
TU00366	infC,thrS
TU0-13877	ubiT,yhbS
TU0-36430	lptB,lptA,lptC,kdsC,kdsD,yrbG
TU0-14005	xanP
TU0-5183	dedA,truA,usg
TU0-1582	cspA
TU0-13695	yfjT,yfjS,ypjK,yfjR
TU0-13909	mscL
TU-8417	yhjJ
TU0-12827	map,glnD,dapD
TU0-44207	paaJ
TU0-36399	glnB,glrR
TU0-45177	galT,galE
TU0-8001	glnQ
TU0-14668	tpiA
TU00035	kdpF,kdpC,kdpB,kdpA
TU0-13786	idi
TU0-14140	dsbD,dicD
TU0-41673	bhsA
TU0-13885	ispB
TU0-8327	nfeF
TU0-8537	mlaA
TU0-5843	menE,menC,menB
TU0-12960	ybbC,rhsD
TU00254	cydC,cydD
TU221	rpoH
TU0-13726	cas3
TU0-42467	sdiA
TU00055	purC
TU0-13433	holE
TU0-7521	sthA
TU0-13480	insC3,insD3,insCD3
TU0-13284	yddG
TU163	envZ,ompR
TU00524	sdhX,sdhC,sdhD,sdhA,sdhB,sucA,sucB,sucC,sucD
TU0-5901	glnZ,glnA
TU0-13671	patZ,tapT
TU0-13451	pgsA
TU0-45225	frdD,frdC,frdB,frdA
TU0-14193	sgcX,sgcB,sgcC,sgcQ,sgcA,sgcE,sgcR
TU0-13444	argS
TU0-13623	ucpA
TU0-13360	punC
TU00367	ybgC,tolQ,tolR,tolA
TU0-13925	yhfZ,yhfY
TU0-8811	iap
TU00222	oppA,oppB,oppC,oppD,oppF
TU0-6687	valS
TU00331	rfbX,rfbC,rfbA,rfbD,rfbB
TU0-8814	nudG
TU0-45160	deaD,yrbN
TU0-13122	ymdA
TU0-12900	mhpT
TU0-14263	mnmG,mioC,asnC
TU0-14651	rpoS
TU0-42474	shiA
TU0-44225	infB
TU0-41795	ydeM,ydeN
TU00080	fadL
TU0-4562	fumB,dcuB
TU581	hlyE
TU0-6043	entS
TU00234	acrE,acrF
TU0-8491	pitA
TU0-13079	rarA,lolA
TU0-8540	rpnC
TU0-3465	uspD,yiiS
TU0-12874	intF
TU0-8161	artJ
TU0-14052	tatD,tatC,tatB,tatA
TU0-12902	frmR,frmA,frmB
TU00527	pykF
TU0-8602	yifB
TU0-14205	yjiS
TU0-12876	paoA,paoB,paoC,paoD
TU0-13908	trkA
TU00249	chaB,chaC
TU0-8577	yhbY
TU0-8547	yagU
TU0-14606	lpxC
TU0-1161	ldcC
TU0-44199	frlR
TU0-14237	ypfM
TU0-8609	pdeC
TU0-13381	ydiZ
TU00195	pncB
TU0-6553	lysC
TU0-8224	metR
TU66	phoQ,phoP
TU0-42638	rseD,rseC,rseB,rseA,rpoE
TU0-13629	yffL
TU0-13690	yfjI
TU00471	tcyJ,fliZ,fliA
TU0-8563	dtpD
TU0-14064	ompL
TU0-14661	tusB,tusC,tusD,yheO
TU0-45252	gpmA
TU0-3621	yeaH,yeaG
TU0-45268	gadX,gadA
TU0-14392	rydC
TU0-13244
TU0-13806	yqgF,yqgE
TU0-14010	nepI
TU0-8558	hcxA
TU0-8873	allR
TU0-8718	yedA
TU00412	fimB
TU0-8147	ansP
TU00391	otsA
TU0-12893	yahH
TU00262	dppF,dppD,dppC,dppB,dppA
TU0-13539	folE,yeiB
TU0-12887	ykgG,ykgF,ykgE
TU00282	yhiD,hdeB,hdeA
TU0-14717	sibC
TU00267	fabZ
TU0-14012	adeQ
TU00043	umpH,nagC,nagA,nagB
TU0-13356	sodC
TU0-8610	yjeH
TU0-14646	yfgM
TU561	pqiC,pqiB,pqiA
TU0-13434	exoX,yobB
TU0-45237	phoU,pstB
TU0-13078	trxB
TU0-3425	bacA
TU0-2001	rlmL,uup
TU0-12990	insL2
TU0-13837	nudF,yqiB,cpdA,yqiA,parE
TU0-13652	yfhM,pbpC
TU0-13404	nimT
TU0-14797	mgrR
TU0-42616	thyA
TU0-13685	ratA,yfjF
TU0-13087	ycaQ,lpxK,msbA,ycaI
TU0-5322	fadK,ydiT,ydiS,ydiR,ydiQ
TU0-13850	ebgR
TU0-14208	yjiX,yjiA
TU0-6983	cspG
TU00307	nfrA,nfrB
TU00105	fumC
TU0-2442	treR
TU0-14741	pepA
TU0-13781	ssnA,ygfK
TU0-42549	feaR
TU0-45174	opgH,opgG
TU0-5881	ubiB,ubiJ,ubiE
TU0-14232	yghA
TU0-42604	fabI
TU0-14802	ykfI,yafW,ykfH,ykfG,yafX,ykfF,ykfB
TU00151	fecE,fecD,fecC,fecB,fecA
TU488	hupB
TU0-12806	sgrT,setA,sgrS
TU0-13562	atoC,atoS
TU0-8360	treF
TU00210	ftsQ,ftsA,ftsZ
TU0-14471	lnt,ybeX,ybeY,ybeZ
TU00178	thrL,thrA,thrB,thrC
TU0-45157	ibsC
TU0-1603	dcuC
TU0-7861	tam,lsrG,lsrF,lsrB,lsrD,lsrC,lsrA
TU00507	glnX,glnV,metU,glnW,glnU,leuW,metT
TU0-8619	yjgM
TU0-6409	gltX
TU00506	leuX
TU0-45182	gltB,gltD,gltF
TU0-45178	galE
TU0-14377	gspB,gspA
TU0-13979	yiaD
TU0-45275	rrfB,rrlB,gltT,rrsB
TU0-13990
TU0-13978	yiaC,tag
TU0-14563	hflC,hflK,hflX,hfq,miaA
TU0-13461	yodC
TU0-42484	esrE
TU0-12913	iraP
TU0-8515	micA
TU0-13276	ydcD
TU0-4202	hemA
TU00424	hypB,hypC,hypD,hypE
TU0-13406	yeaQ
TU0-13577	yfbO
TU0-14672	groL
TU0-8486	panD
TU0-4501	cdaR
TU0-5781	yggX,mutY
TU0-4604	znuB,znuC
TU521	mazF,mazE,relA
TU0-42577	grcA
TU00284	hipA,hipB
TU0-13318	ydfO,ynfO
TU0-13696	yfjU
TU0-14761	ahpF,ahpC
TU0-13050	cecR,ybhG,ybhF,ybhS,ybhR
TU0-4001	gabP,gabT,gabD,lhgD,glaH
TU0-13775	ygeY
TU0-8651	yphH
TU0-36419	phoU,pstB
TU0-13834	ygiW
TU0-13173	nhaB
TU0-14416	hchA
TU0-42652	leuV
TU0-8788	dsrA
TU0-198743	proW
TU0-14352	nemA
TU0-14805	hemL
TU0-14787	rhaD
TU00490	thrW
TU0-13509	yegV,yegU,yegT
TU0-12857	frsA
TU0-14515	tcyJ
TU00475	ubiX,purF,cvpA
TU0-1424	ftsZ
TU0-13199	pgpB
TU0-45265	appX,appC,appB,appA
TU0-5562	nupG,mltC,yggX,mutY
TU0-13175	ldcA
TU0-14344	thpR
TU0-13584	yfcC
TU0-14645	yfgD,bepA
TU0-12890	yahB
TU503	cfa
TU0-14206	yjiT
TU0-13417	nudL,pabB
TU0-1761	osmC
TU0-8243	ruvC,yebC,nudB
TU0-8704	eamA
TU0-13602
TU0-4441	norW,norV
TU0-42660	serW
TU0-42696	dmsC
TU00467	cadA,cadB
TU0-1802	pspF
TU0-42682	csqR
TU0-13293	ydeQ
TU0-14008	setC
TU0-42582	galT,galE
TU00328	rcsC
TU0-3301	recF
TU27	eda
TU0-12875	yagP
TU0-7162	waaU,waaZ,waaY,waaJ,waaO,waaB,waaS,waaP,waaG,waaQ
TU0-12862	insI1
TU00409	fimB
TU0-45163	pykF
TU0-42470	recG
TU0-13472	yeeJ
TU0-14381	hokD,relE,relB
TU0-14611	ecpE,ecpD,ecpC,ecpB
TU0-12979	ybcV
TU00314	yhdT,panF,prmA
TU0-13105	yccA
TU0-2503	topA
TU874	trpS,gph,rpe,dam,damX
TU0-14020	yidB
TU0-7141	sra,bdm
TU00355	selB,selA
TU0-198720	yecV
TU0-42581	galT,galE
TU0-13625	yfeW,murP,murQ
TU00113	asnC
TU0-8754	gpr
TU0-14162	cysQ
TU0-13367	rydB
TU0-13425	proQ,prc
TU0-12793	insL1
TU0-13486	yeeA
TU0-13468	msrQ,msrP,hiuH
TU0-5186	apaH,apaG,rsmA
TU00482	ptsH,ptsI,crr
TU0-14304	yeiI
TU0-13005	ybeF
TU0-881	galR
TU0-14275	ygbK
TU0-14036	gpp
TU0-13336	ynfD
TU0-8543	yafS
TU0-14200	yjiJ
TU0-4143	opgH,opgG
TU0-45202	rhaS,rhaR
TU0-2741	hemF,amiA
TU00075	ansB
TU00479	ptsH,ptsI,crr
TU0-14404	ypfN,dapE
TU0-13133	yceQ
TU0-13241	hslJ
TU00259	recF,dnaN,dnaA
TU0-8648	yodD
TU00380	pflB
TU0-14201	yjiK
TU0-14371	trpT
TU0-8576	yhbQ
TU0-14465	ispH,fkpB,lspA,ileS
TU0-8241	ruvC,yebC
TU0-13405	yeaO
TU0-7221	prpR
TU0-44218	aroM
TU0-14520	ubiX
TU0-4931	lon
TU0-13656	pepB
TU0-6823	cstA
TU0-8493	proC
TU0-12795	sokC
TU0-13049	ybhP,clsB,ybhN
TU0-8868	dnaC,dnaT
TU0-13770	glyU
TU443	acpP,fabG
TU0-13371	ydiL
TU0-14291	lptB,lptA,lptC,kdsC
TU0-42512	gntK
TU0-12921	pgpA,thiL,nusB,ribE,ribD,nrdR
TU0-14184
TU0-8815	nudE
TU0-14325	pqiC
TU0-13977	yhjY
TU0-42472	patZ
TU0-6223	pnp,rpsO,truB,rbfA,infB,nusA,rimP,metY
TU00461	appA
TU0-13658	suhB
TU0-8830	insG
TU0-14565	hflC,hflK,hflX,hfq,miaA
TU0-2603	gyrB
TU00346	rpsF,priB,rpsR,rplI
TU0-8734	yfdY
TU0-13973	rdlD
TU0-13269	ortT
TU0-13419	yobD
TU00435	rpsU,dnaG,rpoD
TU0-13248	pdxI
TU0-4961	gntP
TU0-7783	borD
TU0-13170	ycgM
TU0-3561	asnW
TU797	spfP,spf
TU0-13388	ynjD,ynjC,ynjB,ynjA,ydjZ,ydjY,ydjX
TU-8412	sroC,gltL,gltK,gltJ,gltI
TU0-45185	cyaR
TU0-45142	pdeL
TU0-14186	insI3
TU0-14287	yjbH,yjbG,yjbF,yjbE
TU0-8535	uspC
TU0-13414	yoaA
TU0-13843	yqiI,yqiH,insD5,insC5,insCD5
TU0-13117	insE4,insF4,insEF4
TU0-45199	recJ,dsbC,xerD
TU00073	alkB
TU00153	hycI,hycH,hycG,hycF,hycE,hycD,hycC,hycB,hycA
TU0-1193	recF,dnaN
TU0-14785	flhC,flhD
TU00253	creA,creB,creC,creD
TU0-14334	isrC
TU0-8597	yidP
TU0-12839	dkgB
TU00269	feoC,feoA,feoB
TU0-8202	yggE
TU0-4181	waaL,waaC,waaF,rfaD
TU0-8749	ygfZ
TU00453	endA
TU0-8645	yoaH
TU00276	fliL,fliM,fliN,fliO,fliP,fliQ,fliR
TU0-1921	gabP,gabT,gabD
TU0-13838	ygiC,ygiB,tolC
TU0-13988	yibF
TU0-13861	ygjV
TU0-13607	torI
TU0-45217	yafP,yafO,yafN,dinB
TU0-13714	gshA
TU0-13290	yddA,yddB
TU00405	mbiA
TU0-8499	rfaH
TU0-13008	dacA
TU0-13136	ycfP,nagZ,thiK,lpoB,ycfL,hinT
TU00160	aspA
TU0-14745	mdh
TU0-13052	ybiJ
TU0-4204	bamA
TU0-13056	mcbA
TU0-8350	macB
TU0-8680	yccU
TU0-14188
TU0-13617	insL3
TU0-14765	dgcN,yfiR
TU0-8242	ruvC
TU0-14173	tabA
TU0-13466	hchA
TU0-6622	ppiD
TU00198	adhE
TU0-14408	pdeL
TU0-8567	ybiA
TU0-42593	ariR
TU0-14014	yidH,yidG,yidF
TU00501	pheV
TU0-12785	yjjY
TU0-6660	pnp,rpsO
TU0-13132	murJ
TU0-42636	rseD,rseC,rseB,rseA,rpoE
TU0-13559	mqo
TU0-8476	metY
TU0-8534	ushA
TU0-6509	lpp
TU0-12843	dnaQ
TU0-42525	frr
TU00497	asnT
TU00086	phoE
TU0-42620	sdsN
TU0-12904	insD1,insC1,insCD1
TU0-13152	tfaE
TU0-3162	cydB,cydA
TU0-8148	ansP
TU0-14137	yjdJ,yjdI
TU0-8653	yqgC
TU0-13932	yhgF
TU0-13252	ydcF
TU00108	mdh
TU0-14783	nikE,nikR,nikD,nikC,nikB,nikA
TU0-13343	mdtU,mdtJ,mdtI
TU0-7081	galP
TU0-13163	pdeG
TU0-8613	yjfY
TU0-8667	zur
TU00171	gcvA
TU00469	glgP,glgA,glgC
TU0-5982	ugpQ,ugpC,ugpE,ugpA,ugpB
TU0-1261	chpB,chpS
TU00188	fpr
TU0-8790	eco
TU0-13413	tsaB,yeaY
TU0-44220	nei
TU0-7662	yhhY
TU0-42565	yejG
TU0-42486	thrL
TU0-12970
TU0-14767	azuR,azuC
TU0-14375	gspB,gspA
TU00059	purR
TU0-13265	rlhA
TU0-13750	tas
TU0-13654	timP,ryfA
TU0-14167	tldE
TU0-14464	nagC
TU0-14151	orn
TU0-194010	ybdM,ybdN,citR
TU00433	uspA
TU0-13616	ypeC
TU0-8717	yecH
TU0-14225	nadR,radA
TU0-14082	yiiR
TU0-8772	bioH
TU0-45242	yhiD,hdeB,hdeA
TU0-45246	dmsD,ynfH,ynfG,ynfF,ynfE
TU0-3103	trxA
TU0-14491	hemW,rdgB
TU0-8528	tesB
TU0-5184	flk
TU0-13748	ygdQ
TU0-14821	eno
TU0-13003	tatE
TU0-13464
TU0-1721	fxsA
TU0-14124	yjcE
TU0-194009	narV,narW,narY,narZ,narU
TU0-8544
TU0-12968	sfmF,sfmH
TU0-42650	poxB,hcr,hcp
TU00131	melA,melB
TU0-13463	drpB,yedJ
TU0-13394	ydjL,ydjK,ydjJ,ydjI,ydjH,ydjG
TU0-3364	rrfB,rrlB,gltT,rrsB
TU0-14239	setB
TU0-14043	yigG,yigF
TU0-45169	ymiC,acnA
TU0-42509	sucB,sucA
TU0-14683	creD
TU0-12955	cueR
TU0-14016	glvC,glvB
TU0-5568	mltC,yggX,mutY
TU0-13820	yghW
TU0-2649	narU
TU0-4146	lpxA,fabZ,lpxD,skp
TU0-42612	exuR
TU103	putP
TU0-12884	rclB,rclC
TU0-14533	rrfA,rrlA
TU587	amtB,glnK
TU0-13784	ygfT,ygfS
TU00430	trmA
TU0-14567	hflC,hflK,hflX,hfq
TU0-8840	ivy
TU0-13740	ygdG
TU0-12956	qmcA,ybbJ
TU0-14125	yjcF
TU0-36424	ssrS
TU0-14081	yiiQ
TU0-13668	yfhH
TU00335	rplJ,rplL,rpoB,rpoC
TU876	trpS,gph,rpe,dam
TU0-7784	rstB,rstA
TU0-13754	ygeA
TU0-14216	yjjG,rimI,holD
TU00342	rseC,rseB,rseA,rpoE
TU0-8806	gsk
TU0-13506	cyaR
TU0-13534	dusC
TU142	fixX,fixC,fixB,fixA
TU0-13929	hslR,yrfG
TU0-6685	rnhA
TU0-14257	ihfA,pheT,pheS,pheM,rplT,rpmI,infC,thrS
TU0-8568	rlmF
TU0-7001	gcd
TU0-45145	hicB,hicA
TU0-1782	ychF
TU0-14252	tig
TU-8428	ydhK,ydhJ,ydhI
TU0-13941	yrhB
TU0-14104	yjaG
TU0-45190	sgrT,setA,sgrS
TU0-13053	ybiI
TU0-14509	gcvP
TU0-12878	ecpB,ecpC,ecpD,ecpE
TU0-13154	mcrA
TU0-8628	lgoD
TU0-8517	arcZ
TU0-44221	uhpB
TU102	aldA
TU684	torZ,torY
TU0-13639	nudK
TU0-13723	ygbN
TU0-42594	gltL,gltK,gltJ,sroC,gltI
TU0-13270	ydcY
TU0-13355	anmK
TU0-42560	degQ
TU0-13793	zapA
TU0-8646	yoaI
TU0-14374	gspO,gspM,gspL,gspK,gspJ,gspI,gspH,gspG,gspF,gspE,gspD,gspC
TU0-8865	pdxY,tyrS
TU0-12800	kefC,kefF
TU0-14775	glmY
TU543	rnpB
TU0-12809	lpxC
TU0-3424	mscM,psd
TU0-13927	hofM,hofN,hofO,hofP
TU0-14313	ispF,ispD
TU00154	hypA,hypB,hypC,hypD,hypE
TU00396	treA
TU0-13195	rluB
TU0-6630	lplA,ytjB
TU00110	carA,carB
TU0-8601	adeP
TU0-2302	metQ,metI,metN
TU0-12819	hrpB
TU0-13674	kgtP
TU0-45147	oppF,oppD,oppC,oppB
TU00477	ompC
TU00194	nadB
TU0-13325	relB,relE
TU0-8614	yjfZ
TU0-45279	hdeD
TU0-13996	grxC
TU0-13041	acrZ
TU0-8670	ybjD
TU0-8101	pgl
TU0-13531	yohF
TU0-13165
TU0-8725	yegJ
TU00109	carA,carB
TU0-13326	ydfV
TU0-42576	micL
TU00062	recA
TU0-45233	gpmA
TU0-14195	topAI,yjhQ
TU0-42451	araH,araG,araF
TU0-36442	dgkA
TU00015	cirA
TU0-5481	dmsD,ynfH,ynfG,ynfF,ynfE
TU0-4928	gntT
TU0-8627	ettA
TU-8407	rne
TU00457	livF,livG,livM,livH,livK
TU0-42561	degS
TU0-8740	yfiC
TU0-13063	gsiD,gsiC,gsiB,gsiA,iaaA
TU0-14501	nrdG
TU0-2042	gcd
TU0-42699	garR
TU0-13860	sstT
TU0-198744	proX
TU0-13392	ydjE
TU00499	asnV
TU0-8574	yhbO
TU0-8500	rhlE
TU0-8587	yhiN
TU0-13585	yfcD
TU0-6648	dnaQ
TU0-12892	yahG,yahF,yahE,yahD
TU0-13193	yciE,yciF,yciG
TU0-14207
TU0-4284	lptD
TU-8383	yfeS,yfeK
TU0-13223	zntB
TU0-42481	gapA
TU0-44212	xapB
TU0-12939	ybaA
TU0-13126	yceJ,yceI
TU0-5163	ulaG
TU0-13992	yibI,yibH
TU00122	glgP,glgA,glgC
TU0-1422	ftsZ,ftsA
TU0-3622	yhdZ,yhdY,yhdX
TU0-12917	sbcD,sbcC
TU0-1004	astE,astB,astD,astA,astC
TU0-13275	yncH
TU0-14169	ridA
TU0-13578	yfbP
TU0-4161	bamC
TU0-14028	bglH,yieL,yieK
TU0-12993	ybdN
TU0-8338	ygcG
TU0-1281	uof,fur
TU0-6654	pnp
TU0-14463	nagC
TU0-42479	rsmG
TU0-13181	rttR
TU0-14766	idlP,ytiD,ytiC,iraD
TU0-2742	hemF
TU0-13621	zipA
TU0-901	lpxL
TU0-13660	hcaT
TU0-14781	yahE
TU00185	lysA
TU0-5564	nupG,mltC,yggX
TU0-45234	osmY
TU0-14492	dcd
TU0-14518	dhaM
TU0-8061	tpiA
TU0-12987	ybdF
TU0-14139	dtpC
TU0-8847	ligB
TU00362	apaH,apaG,rsmA,pdxA,surA
TU00039	malQ,malP
TU0-14326	yqgB
TU0-8336	fbp
TU0-13974	yhjV
TU0-14493	yggC,fumE
TU00345	tff,rpsB,tsf
TU0-13915	yheO,tusD,tusC,tusB
TU0-2661	narU
TU0-36411	yciE
TU0-6552	lysC
TU00368	ttdT,ttdA,ttdB
TU0-8758	ygiZ
TU0-13512	thiM,thiD
TU0-13011	djlB,ybeR
TU0-14458	chaC
TU0-12989	ybdK
TU0-14041	yzcX
TU0-36426	tufA
TU0-13804	yggI
TU0-13931	greB
TU0-42530	agrB
TU0-13749	ygdR
TU0-7745	frc
TU0-2644	micF
TU0-13180	ychS
TU00403	htrE,yadV
TU0-13368	ydiJ,menI,ydiH
TU0-198732	yfiS
TU0-8869	dnaC,dnaT,yjjB
TU0-14343	diaA
TU0-13213	ompG
TU0-13295
TU0-13634	eutH,eutA
TU0-6646	deoD,deoB
TU00359	yacC,speD,speE
TU0-14128	mdtN,mdtO,mdtP
TU0-13787	xerD
TU0-13402	dgcJ
TU0-2041	hpt
TU0-14376	gspB,gspA
TU0-14459	potI,potH,potG,potF
TU0-45220	pykA
TU0-42466	sdiA
TU0-3623	ddpF,ddpD,ddpC,ddpB,ddpA,ddpX
TU0-13893	yhcF
TU0-13229	ydaG,ydaF
TU0-13218	mppA
TU442	acpP,fabG,fabD
TU00327	rcsB
TU301	xapB,xapA
TU0-13478	ldtA
TU0-1184	rrfC,rrlC,gltU,rrsC
TU0-14171	bdcA
TU0-45186	pqiC,pqiB,pqiA
TU0-14643	ucpA
TU0-7061
TU281	rseD,rseC,rseB,rseA,rpoE
TU0-14687	nemA,nemR
TU0-14691	yfaU,yfaV,rhmD,yfaX
TU0-14099	birA,murB
TU0-14286	mzrA,yqjA
TU0-14652	rpoS
TU0-42499	fumC,fumA
TU0-13259	opgD
TU0-5221	rsmA,pdxA
TU0-8681	yccX
TU0-8738	pdeF
TU0-13718	pncC
TU00030	glpA,glpB,glpC
TU0-13288	digH
TU0-5682	gadF,mdtF,mdtE,gadE
TU0-14300	yadC,yadK,yadL,yadM
TU0-6482	aspC
TU0-14791	mqsA,mqsR
TU0-5261	ccmH,ccmG,ccmF,ccmE,ccmD,ccmC,ccmB,ccmA
TU0-8361	folK,pcnB
TU343	metY
TU0-6	cysG
TU00464	ppiA
TU0-13666	glmY
TU0-13002
TU0-13910	arfA
TU592	yiaM,sgbE,sgbU,sgbH,lyxK,yiaO,yiaN,yiaL,yiaK
TU0-4461	garD
TU0-8633	gstB
TU0-13254	ydcA
TU0-13029
TU0-4483	rpiB
TU0-14251	bolA
TU565	ihfB,rpsA
TU0-14022	mdtL
TU00004	argC,argB,argH
TU0-45272	lipB,ybeD
TU0-14395	ispH,fkpB,lspA,ileS
TU00407	ibpB,ibpA
TU0-6583	agaI,agaD,agaC,agaB,kbaY,agaS
TU0-45194	arrS
TU0-14496	pdxY
TU00058	purM,purN
TU721	grxA
TU0-14179	insD6,insC6,insCD6
TU0-13946	yhhT
TU0-45146	gltF
TU0-8639	ynfC
TU65	nac
TU0-13236	tfaR,stfR
TU0-8708	ydgJ
TU0-8824	micC
TU0-4761	csrB
TU0-1402	yihG
TU0-45260	pgi
TU00186	lysR
TU0-5162	ulaF,ulaE,ulaD,ulaC,ulaB,ulaA
TU0-13935	asd
TU0-45226	xapB,xapA
TU0-45229	ompF
TU00132	malX,malY
TU00076	araE
TU0-8456	nth,rsxE,rsxG,rsxD,rsxC,rsxB,rsxA,ydgK
TU0-3202	fldB
TU0-13377	rflP
TU0-13249	ydbD
TU00340	rpmH,rnpA
TU0-12817	yadE
TU0-14519	tufA
TU00451	yecM,cutC
TU0-42202	rpsI
TU0-13298	lsrK
TU0-5567	yggX,mutY
TU0-3341	patA
TU00401	htpG
TU0-14015	yidK,yidJ
TU0-7021	hcr,hcp
TU0-13953	yhiJ
TU789	mlc
TU0-12805	sgrR,sroA,thiB,thiP,thiQ
TU0-13738	queF
TU0-13554	bcr
TU0-8834	insH5
TU0-13457	yedL
TU0-8364	rssB
TU0-42689	yihS,yihT,yihU
TU0-8729	yfaL
TU0-7002	rpoC,rpoB
TU0-13028	ybfQ
TU0-8505	rluF
TU0-14353	ogrK
TU0-13308	dgcZ
TU0-14820	eno
TU0-14178
TU00460	fecR,fecI
TU0-12975	ylcG,rusA,ybcO,ninE,ybcN
TU0-13071	ybjL
TU0-13359	mepH
TU0-8698	ydbJ
TU0-13488	dacD
TU0-4462	gudD,gudX,gudP
TU0-13587	yfcF
TU0-8620	yjgN
TU0-8551	yaiY
TU0-198710	ydfD,dicB,dicF,ydfC,ydfB,ydfA
TU0-7441	galU
TU788	pfkA
TU00221	lysU
TU0-8263	dinQ
TU0-13198	yciX,ymiA
TU0-14191	yjhF
TU0-8678	ycbX
TU00352	rpsU,dnaG,rpoD
TU00126	ubiG
TU0-5082	uidR
TU00201	phnP,phnO,phnN,phnM,phnL,phnK,phnJ,phnI,phnH,phnG,phnF,phnE1,phnD,phnC
TU0-198730	yncO
TU0-13900	yhcO
TU0-6442	pepD
TU0-13667	pgpC,tadA
TU0-12851	rayT
TU0-13091	gloC,mepK
TU0-13870	tdcR
TU-8411	fliK,fliJ,fliI,fliH,fliG,fliF
TU0-2402	mhpF,mhpE,mhpD,mhpC,mhpB,mhpA
TU0-14211	lgoR
TU0-44203	mngB
TU-8391	bamD
TU0-14107	yjbB
TU0-45191	aidB
TU0-13525	yehS
TU0-13331	ydfD,dicB
TU00083	rpoH
TU0-14101	sroH
TU0-1041	cpxQ,cpxP
TU0-13135	ycfH,holB,tmk,mltG,pabC
TU0-13107	gfcB,gfcC,gfcD
TU0-45200	dps
TU00005	argF
TU0-2443	treR
TU00309	rpoS,nlpD
TU0-14378	cynS,cynT
TU0-13724	ygbE
TU0-14529	caiE,caiD,caiC
TU161	envZ,ompR
TU0-8779	cspF
TU00384	pflB
TU0-13401	cdgI
TU0-8603	maoP
TU0-14633	pykA
TU0-14092	frwB,frwC
TU0-4205	mzrA,yqjA
TU0-12810	coaE,zapD,yacG
TU0-6443	dapD
TU-8433	gspB,gspA
TU0-13274	yncG
TU00116	betT
TU0-13352	cnu
TU0-14049	yigL,pldB
TU0-198725	ylcI
TU0-198736	yqfH
TU0-13108	gfcA
TU00487	rpoN,hpf,ptsN,rapZ,npr
TU0-13143	ymfA,ycfZ
TU0-3581	hisP,hisM,hisQ,hisJ,argT
TU0-13891	yhcC
TU0-12948	dnaX
TU0-198722	yjbT
TU0-7744	yegR
TU00199	nrfA,nrfB,nrfC,nrfD,nrfE,nrfF,nrfG
TU0-5421	aes
TU00187	malI
TU0-8181	pfkB
TU0-5601	rpmG,rpmB,yicR
TU0-41801	ydeI
TU00472	rpsU
TU0-8606	yihA
TU0-13024	ybfP
TU0-8599	cbrA
TU00208	rhaT
TU0-8264	symE
TU00181	lrp
TU00357	serC,aroA
TU0-13813	yghG
TU791	xapR
TU0-12919	yajD
TU0-13335	speG,ynfB
TU0-14127	yjcO
TU0-14622	rne
TU0-8557
TU0-13022	chiQ
TU0-8795	feaB
TU0-3302	recF
TU0-13094	elfA
TU0-13746	rppH,ptsP
TU0-45259	pqiC,pqiB,pqiA
TU0-8594	yicS
TU0-13655	sseB
TU0-14512	argQ
TU0-7541	evgL,evgS,evgA
TU0-8561	ybeQ
TU0-198734	yoaM
TU0-8844	ldrB
TU0-2701	isrC,flu
TU0-13127	solA,yceO
TU0-13070	rybB
TU00512	3'ETS-<i>leuZ</i>,leuZ,cysT,glyW
TU0-45214	pstA,pstC,pstS
TU0-42456	csrA
TU00142	cynT,cynS,cynX
TU0-6003	yidQ
TU0-6504	glnS
TU0-3403	ygaC
TU864	phoH
TU0-36412	folK,pcnB
TU0-13294	ydeT,ydeS,ydeR
TU0-45173	fau,ssrS
TU0-45271	ftsQ,ftsA,ftsZ
TU0-13722	ygbM,ygbL
TU0-13980	ghrB
TU0-14055	fre
TU0-45274	pgk,epd
TU0-3501	argR
TU0-2422	mgtL,mgtA
TU0-198703	dmsC,dmsB,dmsA
TU0-6184	gcvB
TU0-13842	ygiL
TU0-44195	psiF
TU0-8659	rsmI
TU0-8223	metR
TU0-13207	ymjA
TU00416	gltA
TU0-13897	zapG
TU0-6886	argE
TU0-14800	ynjH
TU0-14189
TU00288	hyaA,hyaB,hyaC,hyaD,hyaE,hyaF
TU0-42674	mlaB,mlaC,mlaD,mlaE,mlaF
TU0-8763	omrA
TU0-13805	gshB,rsmE
TU0-13759	yqeH
TU00293	waaA,coaD
TU0-13969	yhjG
TU0-14276	modC,modB,modA
TU0-14074	yiiG
TU0-14704	ygiC,ygiB,tolC
TU0-7182	istR
TU00410	fimB
TU0-12881	ykgM,ykgO
TU0-13438	yebG
TU0-13744	ptrA,recB,recD
TU0-13543	nupX
TU00423	iscX,fdx,hscA,hscB
TU0-14455	lon,clpX
TU00045	narS,narK
TU0-13604	yfdQ,yfdP
TU0-8532	tqsA
TU0-14040	thrP
TU0-13886	sfsB
TU00313	panC,panB
TU866	phoH
TU0-13765
TU871	queA
TU0-45278	rseC,rseB,rseA,rpoE
TU00228	gntU,gntK
TU0-14488	rapA
TU00026	galM,galK,galT,galE
TU0-12964	ybcI
TU0-13238	ynaE
TU0-8742	yfiF
TU0-14351	nemR
TU0-42642	rseC,rseB,rseA,rpoE
TU00476	ompC
TU0-12916
TU0-13692	abpA,abpB
TU0-13313	ydfI
TU00148	dsdX,dsdA
TU0-8689	ychH
TU0-13098	ycbZ
TU0-13042	ybhH
TU0-4285	lptD
TU0-14143	epmB
TU0-8324	narS,narK
TU00213	treC,treB
TU00137	malS
TU00009	aroG
TU0-13526	btsS,btsR
TU0-14159	cycA
TU00316	pflD,pflC
TU00209	zwf
TU0-13824	dkgA
TU0-198724	ykiC
TU00438	rpoD
TU0-13263
TU0-42573	lapB,lapA
TU0-14425	sroA
TU0-14152	yjeT
TU0-44214	btuE
TU0-13701
TU0-13551	pdeN
TU0-13442	yecE,yecD
TU0-42628	obgE,yhbE,rpmA,rplU
TU00052	phoA,psiF
TU0-14669	rraA,menA
TU0-8820	mug
TU0-3163	cydB,cydA
TU00306	narV,narW,narY,narZ
TU0-8666	zupT
TU0-8663	ytfB
TU00514	alaX,alaW
TU0-8816	norR
TU0-42252	gntU
TU0-13119	ghrA
TU0-14321	glrR
TU0-7804	rob
TU341	pnp,rpsO,truB,rbfA,infB,nusA,rimP,metY
TU0-3161	cydB,cydA
TU0-198687	stfZ
TU0-14069	csqR,yihV
TU0-6686	uvrC,uvrY
TU0-13100	mgsA
TU0-13064	dgcI,pdeI
TU0-13672	pssL,pssA
TU0-13212	ompG,ycjU,ycjT,ycjS,ycjR,ycjQ,ycjP,ycjO,ycjN,ycjM
TU00515	argQ,argZ,argY,argV,serV
TU0-7161	rirA,waaU,waaZ,waaY,waaJ,waaO,waaB,waaS,waaP,waaG,waaQ
TU0-12820	mrcB
TU0-8856	pheM
TU0-13314	ydfJ
TU0-7881	baeR,baeS,mdtD,mdtC,mdtB,mdtA
TU0-7746	yfdE,yfdV,oxc,frc,yfdX
TU00135	fucO,fucA
TU801	hflC,hflK,hflX,hfq,miaA,mutL,amiB,tsaE,nnr
TU0-13116	efeB,efeO
TU487	hupB
TU00251	clpP,clpX
TU00509	serT
TU00085	tnaC,tnaA,tnaB
TU0-12935	cof
TU0-36408	yciG
TU0-12983	tfaX
TU00107	icd
TU0-2505	topA
TU0-8621	yjgZ
TU0-45250	glk
TU0-14486	rrfA,rrlA,alaT,ileT,rrsA
TU0-13566	yfaX,rhmD
TU0-14340	cdsA
TU0-12994	citR
TU00495	valU,valX,valY,lysV
TU0-14090	yijF
TU0-14148	yjeO,yjeN
TU0-1482	fabB
TU0-12879	ecpA
TU0-14484	rnlA
TU00446	clpA
TU0-8782	dacC
TU0-3423	bamE
TU0-14714	murP,murQ
TU0-8345	fhlA,hypE,hypD,hypC,hypB
TU00260	dnaK,dnaJ
TU00243	atpC,atpD,atpG,atpA,atpH,atpF,atpE,atpB,atpI
TU0-8482	selO
TU0-13991	yibG
TU00261	yjjA,dnaC,dnaT
TU0-6636	atpC,atpD,atpG,atpA,atpH,atpF,atpE,atpB
TU0-8731	yfbK
TU0-42448	yciT
TU00287	hslU,hslV
TU0-198692	ameF
TU0-13662	yphC,yphB
TU0-4504	alsE,alsC,alsA,alsB,alsR
TU00369	ubiC,ubiA
TU00383	pflB
TU0-13600	intS
TU0-1781	ychF,pth
TU00415	tcyJ,fliZ,fliA
TU0-13348	ydgA
TU0-45183	araH,araG,araF
TU0-4907	gapA
TU243	ampC
TU0-14415	hisP,hisM,hisQ,hisJ
TU0-45215	pstS
TU0-14123	ghxP
TU00463	ppiA
TU00289	hybO,hybG,hybF,hybE,hybD,hybC,hybB,hybA
TU0-4927	gntT
TU0-12822	mtn,btuF,yadS
TU0-7202	hcaD,hcaB,hcaC,hcaF,hcaE
TU0-14538	menE,menC,menB,menH,menD
TU0-13648	yfgI,yfgH
TU0-3723	actP,yjcH,acs
TU0-14221	yjjI
TU0-13760	yqeJ,yqeI
TU0-13140	ycfT
TU0-14535	ykfI,yafW,ykfH,ykfG
TU0-14	gor
TU0-13380	yniD
TU486	hupA
TU0-13054	ybiX
TU0-13923	yhfL
TU306	kdsA
TU0-4222	rseP
TU0-13971	pdeK
TU00393	stpA
TU0-13537	yeiS,sanA
TU00504	tufB,thrU,tyrU,glyT,thrT
TU0-7042	srlR
TU0-1423	ftsZ
TU0-14644	talA
TU00012	aroP
TU0-13903	yhdP
TU0-8330	zinT
TU0-13982	yiaA
TU0-7622	allE,allC,allD
TU796	acnB
TU00494	proL
TU0-13789	trhA
TU00248	chbG,chbF,chbR,chbA,chbC,chbB
TU0-14033	yieP,hsrA
TU0-8571	tsaD
TU0-12804	yabI
TU0-45210	glnS
TU0-14056	hemG,trkH,yigZ,pepQ
TU0-8569	opgE
TU0-6403	dapB
TU794	acnA
TU0-8592	yiaU
TU862	rihB
TU00214	araD,araA,araB
TU701	proX,proW,proV
TU0-8149	pheP
TU0-13576	yfbM
TU00125	tdcG,tdcF,tdcE,tdcD,tdcC,tdcB,tdcA
TU0-12853	yafP,yafO,yafN,dinB
TU0-14136	yjdF
TU0-13421	rlmA
TU0-4187	fadD
TU00202	phoU,pstB,pstA,pstC,pstS
TU0-8511	slyA
TU00418	dnaK,dnaJ
TU0-13511	yegX
TU0-8355	mutM
TU0-45228	yceJ,yceI
TU122	putP
TU0-8472	argA
TU0-198723	ykgS
TU0-13131	mdtH
TU0-12802	yabQ,yabP
TU0-13855	rlmG
TU0-8480	erpA
TU0-13150	ymfK
TU0-12813	yacL
TU0-14414	eno
TU0-13225	ttcA
TU00025	galM,galK,galT,galE
TU00090	ilvC
TU870	yajC,tgt
TU0-8560	ybeL
TU00434	rpsU,dnaG,rpoD
TU0-3941	ftsQ
TU0-13504	yegP
TU-8421	plsB
TU0-45230	osmB
TU0-14363	insH2
TU0-42459	csrA
TU0-13232	rzoR
TU00170	gcvP,gcvH,gcvT
TU0-5523	mutM
TU0-12794	mokC,hokC
TU0-14076	kdgT
TU0-7981	dhaM,dhaL,dhaK
TU0-12942	maa
TU0-7823	ompT
TU0-13330	dicF
TU0-13148	ymfH,xisE,intE
TU0-13069	ybjJ,ybjI
TU0-14746	uxaA,uxaC
TU0-14021	mnmE
TU0-8641	ynjF
TU00361	sspB,sspA
TU0-13535	yohK,yohJ
TU0-13569	arnF,arnE,arnT,arnD,arnA,arnC,arnB
TU0-8265	ybfE
TU0-6822	cstA
TU873	trpS,gph,rpe,dam,damX,aroB,aroK
TU0-12897	yahM
TU0-14129	yjcS
TU0-13947	acpT
TU0-13037	pnuC,nadA
TU0-14307	ygdD
TU0-14665	fre
TU0-14126	gltP
TU0-8527	tdk
TU00278	ftsX,ftsE,ftsY
TU0-13907	yhdV
TU0-14203	mdtM,yjiN
TU0-8339	queE
TU0-41857	msrB
TU0-14764	uhpC,uhpB,uhpA,ilvN,ilvB,ivbL
TU0-14801	rdcB,rdcA
TU0-14749	exuT
TU00272	flgN,flgM,flgA
TU0-42534	gloA,nemA,nemR
TU-8435	ahpF
TU00002	alkA
TU0-8823	mnmC
TU0-13375	ppsR
TU0-12792	yaaW
TU67	xylB,xylA
TU00395	stpA
