Reaction	EC-Number
FADSYN-RXN	EC-2.7.7.2
RXN-17920	
RXN-16819	EC-4.1.1.101
RXN0-5223	EC-2.7.1
RXN-19312	EC-3.1.1.5
RXN-10720	
PHOSPHASERSYN-RXN	EC-2.7.8.8
RXN-11832	EC-2.7.4.14 // EC-2.7.4.25
GALACTARDEHYDRA-RXN	EC-4.2.1.42
DIHYDROURACIL-DEHYDROGENASE-NAD+-RXN	EC-1.3.1.1
BRANCHED-CHAINAMINOTRANSFERILEU-RXN	EC-2.6.1.42
RXN0-5298	EC-5.1.3.29
RXN-19777	EC-1.11.1
UROGENIIISYN-RXN	EC-4.2.1.75
SUCCGLUDESUCC-RXN	EC-3.5.1.96
RXN-11867	EC-2.1.1.200
GKI-RXN	EC-2.7.1.165
RXN0-5124	EC-2.4.1
RXN0-300	EC-1.1.1
RXN0-5408	EC-3.1.3.25
RXN-20155	
RXN-18232	
RXN-17392	EC-4.2.2
RXN-12480	EC-2.1.1.223
RXN-11396	EC-3.6.1.55
GLURS-RXN	EC-6.1.1.17
PREPHENATEDEHYDROG-RXN	EC-1.3.1.12
1PFRUCTPHOSN-RXN	EC-2.7.1.56
RXN0-6254	EC-2.7.7.76
DTMPKI-RXN	EC-2.7.4.12 // EC-2.7.4.13 // EC-2.7.4.9
CITRATE-PRO-3S-LYASE-THIOLESTERASE-RXN	EC-3.1.2.16
RXN-20681	
ADENYLYLSULFKIN-RXN	EC-2.7.1.25
RXN-12816	EC-3.6.1.58
THI-P-KIN-RXN	EC-2.7.4.16
GLYCEROL-1-PHOSPHATASE-RXN	EC-3.1.3.21
RXN0-7345	EC-2.3.1
2.3.1.157-RXN	EC-2.3.1.157
RXN-18739	EC-1.14.11.33
RXN0-3381	
RXN0-6480	EC-3.1.26.5
RXN-9510	EC-1.5.1.42
RXN-20918	EC-2.3.1.251
RXN-11596	EC-2.1.1.181
LCYSDESULF-RXN	EC-4.4.1.1 // EC-4.4.1.28
RXN-17634	EC-3.5.1.124
RXN-13460	
RXN-15348	
GLYOXYLATE-REDUCTASE-NADP+-RXN	EC-1.1.1.79
FCLEPIM-RXN	
PYRAMKIN-RXN	EC-2.7.1.35
2.7.8.25-RXN	EC-2.4.2.52
O-SUCCHOMOSERLYASE-RXN	EC-2.5.1.48
RXN0-5224	EC-4.2.1.1
ALDOSE-1-EPIMERASE-RXN	EC-5.1.3.3
RXN-14064	EC-3.1.4.16
RXN-19329	EC-1.5.1.3
RXN0-3942	EC-3.5.1.94
GUANOSINEKIN-RXN	EC-2.7.1.73
RXN0-7391	EC-3.5.1
RXN-15740	EC-1.1.5.3
RXN-11833	EC-5.4.99.19
RXN-17779	EC-1.3.8.8
RXN0-6710	EC-3.1.4.55
RXN0-1342	EC-2.4.99.17
GALACTOACETYLTRAN-RXN	EC-2.3.1.18
R15-RXN	EC-2.6.1.88
RXN-14160	EC-3.1.4.46 // EC-3.1.4.2
RXN-16165	EC-6.1.1.10
HISTIDPHOS-RXN	EC-3.1.3.15
RXN0-5304	EC-5.4.99.62
DEHYDDEOXGALACTKIN-RXN	EC-2.7.1.178 // EC-2.7.1.58
3.2.1.14-RXN	EC-3.2.1.14
PANTEPADENYLYLTRAN-RXN	EC-2.7.7.3
RXN0-6952	EC-3.1.1.32
RXN-19793	EC-3.2.1
RXN-22319	
AMP-NUCLEOSID-RXN	EC-3.2.2.4
RXN-14284	EC-2.4.1.1
RXN-12002	EC-2.7.4.22 // EC-2.7.4.14
RXN0-4641	EC-4.2.1.126
INOPHOSPHOR-RXN	EC-2.4.2.1
RXN1ZN3-9	
GLCNACPTRANS-RXN	EC-2.7.8.33
RXN-17795	EC-2.3.1.16
RXN0-2023	EC-2.8.1.13
RXN-22605	
RXN0-5409	
R4-RXN	EC-1.11.1.26
RIBOPHOSPHAT-RXN	EC-3.1.3.104
RXN-14477	EC-3.1.1.107
RXN-16664	EC-3.4.17.13
KDPGALDOL-RXN	EC-4.1.2.55 // EC-4.1.2.14
DIACYLGLYKIN-RXN	EC-2.7.1.107
3PGAREARR-RXN	EC-5.4.2.12
PGPPHOSPHA-RXN	EC-3.1.3.27
RXN0-704	
RXN-12490	EC-1.1.1.35
UDPNACETYLGLUCOSAMENOLPYRTRANS-RXN	EC-2.5.1.7
RXN-22817	
ASPARTATE-SEMIALDEHYDE-DEHYDROGENASE-RXN	EC-1.2.1.11
RXN-14514	EC-3.1.3
GLUTAMIN-RXN	EC-3.5.1.38 // EC-3.5.1.2
LTARTDEHYDRA-RXN	EC-4.2.1.32
SORB6PDEHYDROG-RXN	EC-1.1.1.140
1TRANSKETO-RXN	EC-2.2.1.1
RXN0-7103	EC-3.1.2
RXN0-262	EC-2.7.7.77
RXN-6161	EC-4.1.1.1
RXN0-6256	
RXN-10851	
RXN-14807	
RXN-16992	
GLUTAMATESYN-RXN	EC-1.4.1.13
MANNONDEHYDRAT-RXN	EC-4.2.1.8
RXN-20682	EC-1.1.1
DIOHBUTANONEPSYN-RXN	EC-4.1.99.12
ACETYLESTERASE-RXN	EC-3.1.1.6
PMPOXI-RXN	EC-1.4.3.5
RXN-13158	EC-1.1.1.85
RXN0-7187	
RXN-12861	
VAGL-RXN	EC-2.6.1.48
RXN-8073	
CARBOXYLESTERASE-RXN	EC-3.1.1.1
GLYCEROL-2-PHOSPHATASE-RXN	EC-3.1.3.19
RXN0-5129	
MHPHYDROXY-RXN	EC-1.14.13.127
SUCCSEMIALDDEHYDROG-RXN	EC-1.2.1.79
ADENINE-DEAMINASE-RXN	EC-3.5.4.2
2.4.1.230-RXN	EC-2.4.1.230
RXN0-7316	EC-1.14.11.64
RXN0-304	EC-5.1.3
RXN-8770	EC-3.1.3.73
RXN0-6481	EC-2.7.7.56
RXN-11475	EC-2.1.1.197
RXN-8991	
PROPIONYL-COA-CARBOXY-RXN	EC-6.4.1.3
RXN-15298	EC-4.1.2.57
RXN-20919	EC-2.3.1.251
DXPREDISOM-RXN	EC-1.1.1.267
NICOTINATEPRIBOSYLTRANS-RXN	EC-6.3.4.21
COBINAMIDEKIN-RXN	EC-2.7.1.156
ALANINE-AMINOTRANSFERASE-RXN	EC-2.6.1.2
RXN-13548	EC-3.5.99
RXN0-5199	EC-2.4.2.15 // EC-2.4.2.1
RXN0-7383	
THIOESTER-RXN	EC-3.1.2.20
RXN0-1001	EC-3.1.3.8
GLYRIBONUCSYN-RXN	EC-6.3.4.13
RXN-19022	
RXN-15925	
RXN0-3543	EC-3.6.1
OROTPDECARB-RXN	EC-4.1.1.23
2.7.9.3-RXN	EC-2.7.9.3
RXN-11602	EC-2.1.1.191
AMACETOXID-RXN	EC-1.4.3.21
RXN-17701	EC-3.2.1.199
RXN0-963	
FOLYLPOLYGLUTAMATESYNTH-RXN	EC-6.3.2.17
RXN0-1862	EC-2.1.2.13
PYRIMSYN1-RXN	EC-4.1.99.17
RXN-16457	
RXN0-5228	EC-5.1.1.20
PEROXID-RXN	EC-1.11.1.7
D-PPENTOMUT-RXN	EC-5.4.2.7
ASNSYNA-RXN	EC-6.3.1.1
RXN-14065	EC-3.2.2.10
RXN-19343	
SELENOCYSTEINE-LYASE-RXN	EC-4.4.1.16
TRANSALDOL-RXN	EC-2.2.1.2
RXN0-2382	EC-4.2.1.122
GUANPRIBOSYLTRAN-RXN	EC-2.4.2.8
RXN-11837	EC-5.4.99.23
RXN-16788	EC-3.1.3.73
RXN0-4181	EC-3.1.4.52
PHOSPHAGLYPSYN-RXN	EC-2.7.8.5
3.1.13.3-RXN	EC-3.1.13.3
GALACTURIDYLYLTRANS-RXN	EC-2.7.7.12
BETAGALACTOSID-RXN	EC-3.2.1.108
RXN-17783	EC-1.3.8.8
SUCCDIAMINOPIMDESUCC-RXN	EC-3.5.1.18
RXN0-6720	
RXN0-5359	EC-2.7.7.65
RXN0-2945	EC-1.16.3.4
R524-RXN	
RXN-17330	EC-3.1.3
RXN-21550	EC-2.8.1
RXN-19921	
PRAISOM-RXN	EC-5.3.1.24
DEOXYGUANPHOSPHOR-RXN	EC-2.4.2.1
CHORISMATEMUT-RXN	EC-5.4.99.5
RXN-14161	EC-3.1.3.89
RXN-12073	EC-1.13.11.16
TETHYDPICSUCC-RXN	EC-2.3.1.117
TYROSINE--TRNA-LIGASE-RXN	EC-6.1.1.1
HISTOLDEHYD-RXN	
GLUCARDEHYDRA-RXN	EC-4.2.1.40
RXN-17632	EC-3.5.1.124
PTAALT-RXN	EC-2.3.1.222
3.2.1.17-RXN	EC-3.2.1.17
1.1.1.168-RXN	EC-1.1.1.358 // EC-1.1.1.168 // EC-1.1.1.214
CYTIDINEKIN-RXN	EC-2.7.1.48
RXN-17799	EC-2.3.1.16
GMP-SYN-GLUT-RXN	EC-6.3.5.2
THYMIDYLATE-5-PHOSPHATASE-RXN	EC-3.1.3.89 // EC-3.1.3.35
RXN0-6957	EC-3.6.1.56
RXN0-5418	EC-2.3.1.193
RXN0-3921	EC-1.4.3
RIBULP3EPIM-RXN	EC-5.1.3.1
RXN-17777	EC-1.1.1.35
HOMOCYSMETB12-RXN	EC-2.1.1.13
RXN-20456	
QUINOLINATE-SYNTHA-RXN	EC-2.5.1.72
DIAMTRANSAM-RXN	EC-2.6.1.29
DCTP-DEAM-RXN	EC-3.5.4.13
RXN-14285	EC-2.4.1.1
RXN-12541	
UNDECAPRENYL-DIPHOSPHATASE-RXN	EC-3.6.1.27
RXN0-4581	EC-2.7.8.42
INORGPYROPHOSPHAT-RXN	EC-3.6.1.1
GLUTATHIONE-REDUCT-NADPH-RXN	EC-1.8.1.7
RXN-17793	EC-4.2.1.17
RXN0-5108	EC-3.6.1
RXN-22698	EC-2.8.1.7
RIBOFLAVINSYNREDUC-RXN	EC-1.1.1.193
ENTG-RXN	
2-METHYLCITRATE-SYNTHASE-RXN	EC-2.3.3.5
DHDOGALDOL-RXN	EC-4.1.2.51
RXN-17956	EC-4.7.1.1
UDPMANACATRANS-RXN	EC-2.4.1.180
RXN0-6994	EC-3.2.1.86
MERCAPYSTRANS-RXN	EC-2.8.1.2
RXN0-6367	EC-1.5.1.50
RXN0-5073	EC-3.6.1.73
RXN-11032	EC-1.1.1.304
RXN-22606	
RXN-20708	
RXN-10817	EC-1.4.3.21 // EC-1.4.3.4
DNA-CYTOSINE-5--METHYLTRANSFERASE-RXN	EC-2.1.1.37
DIHYDROXYMETVALDEHYDRAT-RXN	EC-4.2.1.9
RXN-14478	EC-3.1.1
RXN-12872	
URPHOS-RXN	EC-2.4.2.2 // EC-2.4.2.3
XANTHOSINEPHOSPHORY-RXN	EC-2.4.2.1
RXN0-5126	EC-2.4.1.58
KDUD-RXN	EC-1.1.1.125
GLYCOGENSYN-RXN	EC-2.4.1.21
RXN-18258	EC-1.14.13.239
RXN0-5146	EC-3.2.1.196
RXN-11409	
4-HYDROXYBUTYRATE-DEHYDROGENASE-RXN	EC-1.1.1.61
2.5.1.64-RXN	EC-2.2.1.9
DURIDKI-RXN	EC-2.7.1.145 // EC-2.7.1.21
RXN-18702	
RXN0-5192	EC-5.4.3
RXN0-7046	EC-3.1.2
RXN0-6485	EC-3.1.26.12
RXN-18999	EC-2.4.1.352
RXN-11576	EC-2.1.1.172
RXN-11600	EC-2.1.1.189
RXN-22914	
RXN-21024	
FGAMSYN-RXN	EC-6.3.5.3
ENTF-RXN	
RXN0-5226	EC-3.2.1.52
RXN-14515	
RXN-13747	EC-5.2.1
RXN-19338	
RXN0-5210	EC-2.4.1
RXN-11835	EC-5.4.99.21
LUMAZINESYN-RXN	EC-2.5.1.78
GPH-RXN	EC-3.1.3.18
GALACTONDEHYDRAT-RXN	EC-4.2.1.140 // EC-4.2.1.6
RXN0-5306	EC-5.1.3.32
3-CH3-2-OXOBUTANOATE-OH-CH3-XFER-RXN	EC-2.1.2.11
RXN-19919	
RXN-11638	EC-2.1.1.199
RXN-12071	EC-1.3.1.87
RXN0-7104	EC-3.1.2
RXN0-6550	EC-3.2.2.9
GLUC1PADENYLTRANS-RXN	EC-2.7.7.27
FRUCTOKINASE-RXN	EC-2.7.1.4
RXN0-5413	EC-2.4.1
RXN-6268	
ENTMULTI-RXN	EC-6.3.2.14
RXN0-5285	EC-5.1.2
TRYPTOPHAN-RXN	EC-4.1.99.1
RXN-12539	
RXN-14808	
RXN-14091	EC-3.1.4.16
GLUTAMINESYN-RXN	EC-6.3.1.2
RXN-19492	
2-ISOPROPYLMALATESYN-RXN	EC-2.3.3.13
MANNONOXIDOREDUCT-RXN	EC-1.1.1.57
H2NEOPTERINP3PYROPHOSPHOHYDRO-RXN	EC-3.6.1.67
RXN-11841	EC-5.4.99.27
RXN-20706	
ACETYLGLUTKIN-RXN	EC-2.7.2.8
RXN-12864	
GART-RXN	EC-2.1.2.2
RXN0-7188	
GLYCINE--TRNA-LIGASE-RXN	EC-6.1.1.14
BETA-PHOSPHOGLUCOMUTASE-RXN	EC-5.4.2.6
RXN0-6726	EC-6.3.2
2.5.1.19-RXN	EC-2.5.1.19
RXN0-5387	EC-1.6.5
RXN-8182	EC-1.2.1.20
RXN0-6483	EC-3.1.13.5
RXN-22149	EC-2.4.99
RXN-20002	
RXN-13616	EC-4.2.1.17
RXN-15119	EC-1.97.1
CYSTATHIONINE-BETA-LYASE-RXN	EC-4.4.1.13
RXN-14229	EC-1.3.8.7
GMP-REDUCT-RXN	EC-1.7.1.7
RXN-12149	
2PGADEHYDRAT-RXN	EC-4.2.1.11
MMUM-RXN	EC-2.1.1.10
HOMOSERDEHYDROG-RXN	EC-1.1.1.3
RXN0-6541	EC-2.7.1
GLUCONOLACT-RXN	EC-3.1.1.17
ADENODEAMIN-RXN	EC-3.5.4.4
RXN-14074	EC-2.7.4.4
1.1.1.274-RXN	EC-1.1.1.274
GUANYLCYC-RXN	EC-4.6.1.2
RXN0-7317	EC-2.6.1.82
MALATE-DEHYDROGENASE-ACCEPTOR-RXN	EC-1.1.5.4
RXN0-5455	EC-1.2.1.99
1.1.1.271-RXN	EC-1.1.1.271
RXN0-6722	EC-1.6.5
RXN-8992	EC-2.5.1.90
RXN-22443	
RXN-20673	
RXN-14188	EC-3.6.1
RXN-15299	EC-1.1.1.373
RXN-14361	EC-2.4.1.17
HOMOCYSMET-RXN	EC-2.1.1.14
RXN-12583	
2.7.1.121-RXN	EC-2.7.1.121
3.2.1.52-RXN	EC-3.2.1.52
NMNAMIDOHYDRO-RXN	EC-3.5.1.42
IPPISOM-RXN	EC-5.3.3.2
GLUTKIN-RXN	EC-2.7.2.11
3-DEHYDROQUINATE-SYNTHASE-RXN	EC-4.2.3.4
RXN-22388	
ALARACECAT-RXN	EC-5.1.1.1
RXN-14290	
2-OCTAPRENYLPHENOL-HYDROX-RXN	EC-1.14.13.240
RXN-16001	EC-1.1.1.381
INOSINE-NUCLEOSIDASE-RXN	EC-3.2.2.2
RXN0-7385	EC-1.6.5.10
RXN0-6999	EC-6.3.2
RXN0-6418	
RXN-22618	
RXN-22655	EC-3.4.23.51
RXN-20767	EC-1.16.1.10
KETOBUTFORMLY-RXN	EC-2.3.1
RXN-15943	EC-2.3.1.245
RXN-14483	EC-3.1.3
4.1.2.28-RXN	EC-4.1.2.28
RXN-13142	EC-5.1.99.6
RXN0-7066	
OXALOACETATE-TAUTOMERASE-RXN	EC-5.3.2.2
L-ASPARTATE-OXID-RXN	EC-1.4.3.16
RXN-2425	EC-4.2.1.17
GLYCOPHOSPHORYL-RXN	EC-2.4.1.1
RXN-14522	EC-3.1.3.34
AMINEOXID-RXN	EC-1.4.3.21
LYSDECARBOX-RXN	EC-4.1.1.18
2.7.10.1-RXN	EC-2.7.10.1 // EC-2.7.10.3 // EC-2.7.12.1 // EC-2.7.10.2
6PFRUCTPHOS-RXN	EC-2.7.1.11
RXN0-984	EC-1.14.11.33
RXN0-7068	
RXN0-7115	
RXN0-6515	EC-2.1.1.171
RXN-6423	
RXN0-1863	EC-2.6.1.92 // EC-2.6.1.87
RXN-2961	EC-4.4.1.22
RXN-14810	
RXN-21080	
MANNPDEHYDROG-RXN	EC-1.1.1.17
RXN-16475	
RXN-14524	EC-3.1.3.34
ACETYLORNTRANSAM-RXN	EC-2.6.1.11
RXN-13859	EC-3.2.2.5
RXN0-7249	EC-3.1.3
PGLUCISOM-RXN	EC-5.3.1.9
LYSOPHOSPHOLIPASE-RXN	EC-3.1.1.5
RXN-8340	EC-4.1.99.22
GSPSYN-RXN	EC-6.3.1.9 // EC-6.3.1.8
RXN-15122	
ASPAMINOTRANS-RXN	EC-2.6.1.1
7-ALPHA-HYDROXYSTEROID-DEH-RXN	EC-1.1.1.159
N-ACETYLGLUTPREDUCT-RXN	EC-1.2.1.38
3-ISOPROPYLMALISOM-RXN	
ADENOSYLHOMOCYSTEINE-NUCLEOSIDASE-RXN	EC-3.2.2.9
SERINE--TRNA-LIGASE-RXN	EC-6.1.1.11
RXN0-7122	
RXN0-7319	EC-1.1.5.13
RXN0-6564	EC-2.7.1
RXN0-7342	EC-2.3.1
RXN0-2441	EC-2.1.1.144
RXN-7253	EC-3.1.3.25
RXN-9087	EC-1.3.1.84
RXN-21524	
RXN-12893	EC-4.2.1.104
RXN-15341	EC-1.14.14.5
RXN-16804	
GLUTDEHYD-RXN	EC-1.4.1.4
RXN-14812	
NUCLEOSIDE-DIP-KIN-RXN	EC-2.7.4.6
RXN-14116	EC-1.2.1.88
ALCOHOL-DEHYDROG-RXN	EC-1.1.1.1
PHOSPHASERDECARB-RXN	EC-4.1.1.65
METHENYLTHFCYCLOHYDRO-RXN	EC-3.5.4.9
HCAMULTI-RXN	EC-1.14.12.19
RXN0-5330	EC-1.6.5.9
RXN0-1241	EC-2.1.1.298
BIS5-ADENOSYL-TRIPHOSPHATASE-RXN	EC-3.6.1.29
ACNEULY-RXN	EC-4.1.3.3
RXN-16000	
OXALYL-COA-DECARBOXYLASE-RXN	EC-4.1.1.8
SUCCGLUALDDEHYD-RXN	EC-1.2.1.71
RXN0-7251	EC-3.1.3
RXN0-6733	EC-3.6.1.63
RXN1-42	EC-2.3.1.304
RXN0-299	EC-1.14.11.17
RXN-8344	EC-2.7.7.75
RXN-22216	EC-2.4.1
RXN-16650	EC-2.4.1.129
RXN-17391	EC-4.2.2
ISOCITDEH-RXN	EC-1.1.1.42
RXN-15124	
PGLYCDEHYDROG-RXN	EC-1.1.1.95
RXN-14261	EC-2.4.1.25
PREPHENATEDEHYDRAT-RXN	EC-4.2.1.51
ASPARAGINE--TRNA-LIGASE-RXN	EC-6.1.1.22
NACGLCTRANS-RXN	EC-2.4.1.227
SHIKIMATE-5-DEHYDROGENASE-RXN	EC-1.1.1.25
HYDROXYLAMINE-REDUCTASE-RXN	EC-1.7.99.1
1.1.1.39-RXN	EC-1.1.1.38
CHORPYRLY-RXN	EC-4.1.3.40
ADENPRIBOSYLTRAN-RXN	EC-2.4.2.7
RXN-16909	
PHOSPHOAMIDASE-RXN	EC-3.9.1.1
TETRAACYLDISACC4KIN-RXN	EC-2.7.1.130
RXN0-7344	EC-2.4.1
BRANCHED-CHAINAMINOTRANSFERLEU-RXN	EC-2.6.1.6 // EC-2.6.1.42
RXN-15513	EC-5.4.2.11
SUCCINATE-SEMIALDEHYDE-DEHYDROGENASE-RXN	EC-1.2.1.24
RXN-9311	EC-3.1.2.28
RXN0-301	EC-1.5.3.2
RXN-22510	EC-2.3.1
RXN-17393	EC-4.2.2
RXN-17633	
RXN-15346	
PRIBFAICARPISOM-RXN	EC-5.3.1.16
RXN-14393	EC-1.1.1.35 // EC-1.1.1.211
CITSYN-RXN	EC-2.3.3.3 // EC-2.3.3.16 // EC-2.3.3.1
PUTTRANSAM-RXN	EC-2.6.1.82
NUCLEOTIDE-PYROPHOSPHATASE-RXN	EC-3.6.1.9
THI-P-SYN-RXN	EC-2.5.1.3
ISOLEUCINE--TRNA-LIGASE-RXN	EC-6.1.1.5
THYMIDYLATESYN-RXN	EC-2.1.1.45
ALDEHYDE-DEHYDROGENASE-NADP+-RXN	EC-1.2.1.4
RXN-17635	
PYRAZIN-RXN	EC-3.5.1.4
RXN0-3922	EC-1.2.1.99
RXN0-7390	EC-4.1.3.3
RXN0-7014	EC-2.3.1.280
RXN0-3962	EC-1.2.1.4
RXN-17778	EC-2.3.1.16
RXN0-1321	EC-2.4.2.29
RXN-17780	EC-4.2.1.17
RXN-22699	EC-2.8.1
R165-RXN	EC-1.1.1.154
QUINOPRIBOTRANS-RXN	EC-2.4.2.19
RXN-16009	EC-3.1.3.97
DEHYDDEOXPHOSGALACT-ALDOL-RXN	EC-4.1.2.55 // EC-4.1.2.21
RXN-14503	
TRNA-URACIL-5--METHYLTRANSFERASE-RXN	EC-2.1.1.35
DCTP-PYROPHOSPHATASE-RXN	EC-3.6.1.9 // EC-3.6.1.12 // EC-3.6.1.65
P-PANTOCYSDECARB-RXN	EC-4.1.1.36
RXN0-4841	EC-5.1.3.41
LACTALDDEHYDROG-RXN	EC-1.2.1.22
TRNA-PSEUDOURIDINE-SYNTHASE-I-RXN	EC-5.4.99.12
AMP-DEPHOSPHORYLATION-RXN	EC-3.1.3.5
RIBOSYLHOMOCYSTEINASE-RXN	EC-4.4.1.21
5-METHYLTHIOADENOSINE-PHOSPHORYLASE-RXN	EC-2.4.2.28
DIAMACTRANS-RXN	EC-2.3.1.57
RXN0-4621	EC-2.7.1.170
RXN1ZN3-10	
UDPNACETYLMURAMATEDEHYDROG-RXN	EC-1.3.1.98
RXN0-7080	
RXN0-5101	EC-1.3.1
RXN-17794	EC-1.1.1.35
RXN0-2001	EC-2.4.2.43
RXN-17944	EC-1.10.3.2
RXN-3523	
RXN-10856	EC-5.1.99.8
RIBOKIN-RXN	EC-2.7.1.15
RXN-16660	
DLACTDEHYDROGNAD-RXN	EC-1.1.1.28
RXN-14569	EC-2.7.7.87
RXN-12588	EC-2.8.1.7
DHHB-METHYLTRANSFER-RXN	EC-2.1.1.64
VALINE--TRNA-LIGASE-RXN	EC-6.1.1.9
PGLYCEROLTRANSII-RXN	EC-2.7.8.21
RXN0-5131	EC-2.7.7
MALATE-DEHYDROGENASE-NADP+-RXN	EC-1.1.1.82
RXN-18392	
UDPMANNACADEHYDROG-RXN	EC-1.1.1.336
ASPARTATE--TRNA-LIGASE-RXN	EC-6.1.1.23 // EC-6.1.1.12
RXN-11484	EC-2.3.1.47
ACETATE--COA-LIGASE-RXN	EC-6.2.1.1
DXS-RXN	EC-2.2.1.7
RXN0-5074	EC-3.6.1.73
SIROHEME-FERROCHELAT-RXN	EC-4.99.1.4
RXN0-5200	EC-2.6.1
RXN0-7154	EC-1.1.1.2
RXN-19024	EC-4.3.2.7
RXN-17935	
RXN-21483	EC-1.3.5.3
RXN-11633	EC-2.1.1.182
RXN-7609	EC-3.1.3.5
FORMYLTHFDEFORMYL-RXN	EC-3.5.1.10
RXN-10819	EC-6.2.1.30
RXN-16937	EC-2.5.1.129
RXN0-5229	EC-1.1.1.414
RXN-14882	
RXN-19362	EC-2.4.1
DIMETHUROPORDEHYDROG-RXN	EC-1.3.1.76
PHOSPHOGLYCERATE-PHOSPHATASE-RXN	EC-3.1.3.20
RXN-11838	EC-5.4.99.24
METHYLENETHFDEHYDROG-NADP-RXN	EC-1.5.1.5
DIMESULFREDUCT-RXN	EC-1.8.5.3
GALACTUROISOM-RXN	EC-5.3.1.12
URUR-RXN	EC-3.5.3.26
CARBOXYLATE-REDUCTASE-RXN	EC-1.2.99.6
RXN0-5363	EC-5.4.1
ACSERLY-RXN	EC-2.5.1.47
RXN-19922	EC-2.1.1
RXN0-5127	EC-2.4.1
SUCCORNTRANSAM-RXN	EC-2.6.1.81
RXN-12093	EC-6.3.4.20
RXN0-7280	EC-1.14.11.33
GLUCOKIN-RXN	EC-2.7.1.1 // EC-2.7.1.2
RXN-18376	EC-1.14.13.239
RXN-15294	EC-1.16.3.2
RXN0-303	EC-5.3.1
1.1.1.215-RXN	EC-1.1.1.215
RXN-8487	
RXN0-5422	EC-2.4.1
RXN-11410	
RXN-17473	
RXN-20457	
RXN-15131	
RXN-12565	EC-2.3.1.16 // EC-2.3.1.9
DUTP-PYROP-RXN	EC-3.6.1.23 // EC-3.6.1.9
PROPIONATE--COA-LIGASE-RXN	EC-6.2.1.17
GLUTATHIONE-SYN-RXN	EC-6.3.2.3
NADH-DEHYDROGENASE-QUINONE-RXN	EC-1.6.5.9
2-OCTAPRENYL-6-METHOXYPHENOL-HYDROX-RXN	EC-1.14.13
COBALAMIN5PSYN-RXN	EC-2.7.8.26
RXN0-6368	
NAG1P-URIDYLTRANS-RXN	EC-2.7.7.23
RXN-20755	
THIKIN-RXN	EC-2.7.1.89
RXN-12896	
AGMATIN-RXN	EC-3.5.3.11
GLYCOLALD-DEHYDROG-RXN	EC-1.2.1.21
RXN-11601	EC-2.1.1.190
RXN0-3542	EC-3.6.1
2.6.1.57-RXN	EC-2.6.1.57
RXN0-7349	
RXN0-6487	EC-1.1.1
FMNREDUCT-RXN	EC-1.5.1.39
RXN-17700	EC-3.2.1.199
RXN-21025	
RXN-9562	
RXN-1381	EC-2.3.1.15
RXN0-5227	EC-3.4.17.13
PYRIDOXKIN-RXN	EC-2.7.1.35
GPPSYN-RXN	EC-2.5.1.1
RXN-15581	
3-DEHYDROQUINATE-DEHYDRATASE-RXN	EC-4.2.1.10
RXN-19341	
D--TARTRATE-DEHYDRATASE-RXN	EC-4.2.1.81
OCTAPRENYL-METHYL-METHOXY-BENZOQ-OH-RXN	EC-1.14.99.60
RXN-11836	EC-5.4.99.22
RXN-14112	EC-3.1.4.16
ALLANTOATE-DEIMINASE-RXN	EC-3.5.3.9
H2NTPEPIM-RXN	EC-5.1.99.7
GALACTONOLACTONASE-RXN	EC-3.1.1.25
RXN0-4121	EC-3.9.1
RXN0-7398	
RXN-12440	EC-1.11.1.11
RXN0-6727	EC-4.2.1.136
ANTHRANSYN-RXN	EC-4.1.3.27
RXN-17782	EC-2.3.1.16
RXN-22213	EC-2.4.99
RXN0-1441	EC-3.6.1.53 // EC-3.6.1.13
RXN-14251	EC-3.1.2
RXN-19920	
R303-RXN	EC-1.7.1
HOMOSERKIN-RXN	EC-2.7.1.39
RXN-16281	EC-2.7.4.29
CARBPSYN-RXN	EC-6.3.5.5
RXN-12072	EC-1.14.12.19
DEOXYGLUCONOKIN-RXN	EC-2.7.1.178 // EC-2.7.1.45
PANTOTHENATE-KIN-RXN	EC-2.7.1.33
RXN-22461	EC-2.7.1.235
GLUC1PURIDYLTRANS-RXN	EC-2.7.7.64 // EC-2.7.7.9
TSA-REDUCT-RXN	EC-1.1.1.60
RXN-14363	EC-2.7.8
ARABISOM-RXN	EC-5.3.1.4
ISOCHORMAT-RXN	EC-3.3.2.1
1.1.1.127-RXN	EC-1.1.1.127
RXN0-6444	EC-1.14.99.46
RXN0-5001	EC-3.2.1.177
RXNMETA-12671	EC-3.3.2.12
RXN0-7010	EC-1.8.5.7
RXN0-5414	EC-3.5.1
RXN-17798	EC-1.1.1.35
RXN-22695	
RXN0-2061	
DLACTDEHYDROGFAD-RXN	EC-1.1.5.12
RXN-14497	EC-1.8.4.4
RXN-2043	EC-3.2.1.4
RIBOSYLPYRIMIDINE-NUCLEOSIDASE-RXN	EC-3.2.2.8
L-GLN-FRUCT-6-P-AMINOTRANS-RXN	EC-2.6.1.16
RXN-16687	
4.3.1.15-RXN	EC-4.3.1.15
RXN-12540	
DIAMINOPIMEPIM-RXN	EC-5.1.1.7
RXN0-7074	
PHENYLALANINE--TRNA-LIGASE-RXN	EC-6.1.1.20
RXN-2962	EC-1.1.1.284
GLUTATHIONE-PEROXIDASE-RXN	EC-1.11.1.9
UGD-RXN	EC-1.1.1.22
RXN-14525	EC-3.1.3.34
ASPDECARBOX-RXN	EC-4.1.1.11
LYXISOM-RXN	EC-5.1.3
2-METHYLCITRATE-DEHYDRATASE-RXN	EC-4.2.1.79
OHMETHYLBILANESYN-RXN	EC-2.5.1.61
RXN0-5107	EC-3.6.1.9
7KAPSYN-RXN	EC-2.3.1.47
SPERMIDINESYN-RXN	EC-2.5.1.16
RXN-17955	EC-3.6.1.63
RXN-7282	EC-5.3.2
RXN0-268	EC-2.8.3.27
RXN-14813	
RXN-20707	
RXN-10981	
METHGLYSYN-RXN	EC-4.2.3.3
ACONITATE-DELTA-ISOMERASE-RXN	EC-5.3.3.7
RXN-12869	
DMK-RXN	EC-2.5.1.74
RXN0-7253	EC-5.4.99
PNPOXI-RXN	EC-1.4.3.5
RXN-8348	EC-2.10.1.1
GLYCOGEN-BRANCH-RXN	EC-2.4.1.18
XANPRIBOSYLTRAN-RXN	EC-2.4.2.22
RXN-15125	
CATAL-RXN	EC-1.11.1.6 // EC-1.11.1.21
NAD-KIN-RXN	EC-2.7.1.23
2.5.1.25-RXN	EC-2.5.1.25
PYRROLINECARBDEHYDROG-RXN	
RXN0-5144	EC-2.1.1.61
ADENYL-KIN-RXN	EC-2.7.4.3
SULFITE-REDUCT-RXN	EC-1.8.1.2
RXN0-6484	EC-3.1.13.5
RXN-18586	
RXN-20019	
RXN0-310	EC-4.1.1
R601-RXN	EC-1.3.5.1
RXN-22002	
RXN-21019	
RXN-11574	EC-2.1.1.173
RXN-17489	EC-3.1.3.62
RXN-13617	EC-2.3.1.16
RXN-9540	EC-1.1.1.100
ENOYL-COA-HYDRAT-RXN	EC-4.2.1.17
RXN-9788	EC-2.8.1
PROTOPORGENOXI-RXN	EC-1.3.3.4
GMP-SYN-NH3-RXN	
RXN0-2144	EC-4.2.1.59
RXN0-5209	EC-2.7.7
CROBETREDUCT-RXN	EC-1.3.8.13
2TRANSKETO-RXN	EC-2.2.1.1
RXN0-723	EC-1.1.98.6
THREONINE--TRNA-LIGASE-RXN	EC-6.1.1.3
RXN0-6549	
RXN-11637	EC-2.1.1.198
UDPHYDROXYMYRGLUCOSAMNACETYLTRANS-RXN	EC-2.3.1.191
RXN0-363	EC-3.2.2.1
2.3.1.49-RXN	EC-2.3.1.49
FPPSYN-RXN	EC-2.5.1.10
RXN-17726	EC-3.2.1
RXN-14090	EC-3.1.3.6
RXN0-5240	
ENTDB-RXN	EC-2.7.8.7
PYROXALTRANSAM-RXN	EC-2.6.1.31
DALADEHYDROG-RXN	EC-1.4.5
H2NEOPTERINALDOL-RXN	EC-4.1.2.25
LAUROYLACYLTRAN-RXN	EC-2.3.1.241
RXN-19407	
PALMITOTRANS-RXN	EC-2.3.1.242
DALADALALIG-RXN	EC-6.3.2.4
RXN-14249	EC-1.1.1.103
RXN-10656	EC-4.2.1.59
RXN-11840	EC-5.4.99.26
TREHALA-RXN	EC-3.2.1.28
RXN0-6725	EC-3.1.1.4
GAPOXNPHOSPHN-RXN	EC-1.2.1.12
RXN-17354	
RXN-21990	
RXN-19340	
RXN0-5383	EC-2.7.4.29
RXN-17786	EC-1.1.1.35
RXN-14196	
RHAMNISOM-RXN	EC-5.3.1.14
HOMOCYSTEINE-S-METHYLTRANSFERASE-RXN	EC-2.1.1.10
RXN-9518	EC-1.1.1.100
RXN-12107	EC-1.1.1.366
RXN-9556	EC-1.1.1.100
3.2.2.10-RXN	EC-3.2.2.10
RXN-982	EC-1.20.4.1
GLUCONOKIN-RXN	EC-2.7.1.12
UDP-NACMURALA-GLU-LIG-RXN	EC-6.3.2.9
1.1.1.264-RXN	EC-1.1.1.264
RXN0-5040	EC-3.5.1
RXN-22438	EC-1.5.1.54
RXN0-5437	EC-2.1.1
RXN0-747	EC-1.17.4.1
RXN-17887	
RXN-14325	
RXN-10015	
INOSINEKIN-RXN	EC-2.7.1.73
2.7.7.61-RXN	EC-2.7.7.61
RXN-12570	EC-1.1.1.35
ADPREDUCT-RXN	EC-1.17.4.1
DIHYDRODIPICSYN-RXN	EC-4.3.3.7
RXN0-279	EC-2.8.7
GLUTDECARBOX-RXN	EC-4.1.1.15
UREIDOGLYCOLATE-LYASE-RXN	EC-4.3.2.3
PYRUVDEH-RXN	EC-1.2.1.104
RXN0-7000	EC-1.14.13
MALONYL-COA-ACP-TRANSACYL-RXN	EC-2.3.1.39
2-OCTAPRENYL-METHOXY-BENZOQ-METH-RXN	EC-2.1.1.201
PROTEIN-KINASE-RXN	EC-2.7.12.1 // EC-2.7.11.12 // EC-2.7.11.17 // EC-2.7.11.1 // EC-2.7.11.13 // EC-2.7.11.22 // EC-2.7.11.21
RXN0-5118	EC-2.4.99
RXN-22643	
RXN-10659	EC-1.1.1.100
RXN0-6382	EC-3.6.1.66 // EC-3.6.1.9
RXN-17962	EC-2.3.1.280
RXN-14481	
RXN-20757	
RXN-17363	EC-2.3.1.269
RXN-11152	EC-3.1.1
KETOGLUTREDUCT-RXN	EC-1.1.1.399
RXN-13141	EC-4.2.1.136
RXN-21421	EC-1.8.4.16
DTDPDEHYDRHAMEPIM-RXN	EC-5.1.3.13
TRYPSYN-RXN	EC-4.2.1.20
4.2.1.99-RXN	EC-4.2.1.99
RXN-22648	
GLYCOLATEDEHYDRO-RXN	EC-1.1.99.14
RXN-9524	EC-1.1.1.100
XYLULOKIN-RXN	EC-2.7.1.17
RXN0-7067	
2.7.1.148-RXN	EC-2.7.1.148
RXN0-1134	EC-1.2.4.1
RXN0-5183	EC-3.2.1.20
RXN-2881	
RXN0-6512	EC-2.3.1.223
RXN-18708	EC-2.8.1
RXN-14523	EC-3.1.3.34
RXN-21067	EC-3.1.3
RXN-11588	EC-2.1.1.185
LYSINE--TRNA-LIGASE-RXN	EC-6.1.1.6
RXN0-947	EC-2.3.1.181
RXN-13854	EC-1.7.1.15
ETHAMLY-RXN	EC-4.3.1.7
6PGLUCONOLACT-RXN	EC-3.1.1.31
DETHIOBIOTIN-SYN-RXN	EC-6.3.3.3
GSPAMID-RXN	EC-3.5.1.78
3-OXOACYL-ACP-REDUCT-RXN	EC-1.1.1.100
RXN0-5216	EC-3.2.1
RXN0-7119	EC-1.1.1
3-ISOPROPYLMALDEHYDROG-RXN	
RXN-22700	EC-2.8.1.7
RXN0-6563	EC-4.1.2.48
RXN-11776	EC-3.6.1.68
RXN-14811	
RXN-11361	EC-2.7.7.80
RXN-21523	
FUCPALDOL-RXN	EC-4.1.2.17
2.6.1.82-RXN	EC-2.6.1.82
MANNPISOM-RXN	EC-5.3.1.8
RXN-14115	EC-3.1.3.6
RXN-17846	EC-2.3.2.6
RXN0-5292	EC-3.1.3.89
RXN-19774	EC-2.3.1.269
ACID-PHOSPHATASE-RXN	EC-3.1.3.2
H2PTEROATESYNTH-RXN	EC-2.5.1.15
RXN-21424	
RXN-19630	EC-2.7.8
RXN0-7250	EC-3.1.3
RXN-9531	EC-2.3.1.179 // EC-2.3.1.41
RXN-11845	EC-2.1.1.166
RXN-8342	EC-2.8.1.12
RXN-9658	EC-1.3.1.9
RXN0-6732	EC-2.7.8.37
GDPKIN-RXN	EC-2.7.4.6
RXN0-5098	EC-6.3.1.20
RXN-15123	EC-3.5.99.10
RXN-22215	EC-2.4.1
RXN0-5393	EC-4.2.1.17
RXN0-7169	
N-ACETYLTRANSFER-RXN	EC-2.3.1.1
RXN-14260	EC-2.4.1.25
RXN-20077	
4.3.1.17-RXN	EC-4.3.1.17
ADENPHOSPHOR-RXN	EC-2.4.2.1
THIAZOLSYN2-RXN	EC-2.8.1.10
HYDGLUTSYN-RXN	EC-2.3.3.11
1.8.4.8-RXN	EC-1.8.4.8
RXN-12402	EC-3.2.1.177
3.1.3.16-RXN	EC-3.1.3.16
RXN0-7325	
BUTYRYL-COA-DEHYDROGENASE-RXN	EC-1.3.8.1
GLUCOSE-1-PHOSPHAT-RXN	EC-3.1.3.10
RXN0-7343	EC-2.4.1
CITTRANS-RXN	EC-2.8.3.10
GCVT-RXN	EC-2.1.2.10
1.13.11.16-RXN	EC-1.13.11.16
RXN-9310	EC-4.2.99.20
MYRISTOYLACYLTRAN-RXN	EC-2.3.1.243
RXN-22463	EC-2.4.1
RIBONUCLEOSIDE-DIP-REDUCTII-RXN	EC-1.17.4.1
RXN0-5507	EC-4.1.2.50
RXN-15345	
RXN-11477	EC-4.2.1.59
RXN-15509	
RXN-20676	EC-1.1.1.35 // EC-1.1.1.211
RXN-17019	EC-2.3.1.51
NUCLEOSIDE-DIPHOSPHATASE-RXN	EC-3.6.1.6
ISOCIT-CLEAV-RXN	EC-4.1.3.1
RXN-19020	EC-1.11.1
ALCOHOL-DEHYDROGENASE-NADPORNOP+-RXN	EC-1.1.1.2
RXN-21562	
GLUTSEMIALDEHYDROG-RXN	EC-1.2.1.41
RXN-7101	
RXN0-7389	
RXN0-7013	EC-3.1.1.106
RXN-9535	EC-2.3.1.41 // EC-2.3.1.179
2.1.1.72-RXN	EC-2.1.1.72
RXN-12886	EC-1.14.99.46
RXN0-1281	EC-1.1.1
RXN-9661	EC-1.3.1.9
RXN-22697	
RXN0-1147	EC-2.3.1.61
RXN0-6452	
RXN0-5329	EC-5.1.3.24
RXN-16002	
RXN-14501	
RXN-20913	EC-2.3.1.251
OXAMATE-CARBAMOYLTRANSFERASE-RXN	EC-2.1.3.5
L-RHAMNONATE-DEHYDRATASE-RXN	EC-4.2.1.90
RXN-13248	EC-4.1.1
RXN-21601	EC-2.7.7.77
2.3.1.128-RXN	EC-2.3.1.266
AMINOPROPDEHYDROG-RXN	EC-1.1.1.75
5-FORMYL-THF-CYCLO-LIGASE-RXN	EC-6.3.3.2
GLYOHMETRANS-RXN	EC-2.1.2.1
DIHYDROOROTATE-DEHYDROGENASE-RXN	EC-1.3.5.2
RXN0-7079	
2.7.7.1-RXN	EC-2.7.7.1
L-LACTDEHYDROGFMN-RXN	
GSADENYLATION-RXN	EC-2.7.7.42
RXN0-1941	EC-1.1.1
RXN-3521	
MALIC-NADP-RXN	EC-1.1.1.40
RXN-16659	EC-3.4.16.4
RXN-14552	
RXN-11480	EC-1.1.1.100
RXN-21233	EC-1.14.11.54
RXN-15512	
PGLYCEROLTRANSI-RXN	EC-2.7.8.20
TRANS-RXN0-286	
MALATE-DEH-RXN	EC-1.1.1.37
RXN-14014	EC-1.17.1.8
ASPARTASE-RXN	EC-4.3.1.1
RXN-18584	EC-7.1.1.8
ACETALD-DEHYDROG-RXN	EC-1.2.1.10
GTP-CYCLOHYDRO-II-RXN	EC-3.5.4.25
RXN-16003	EC-1.1.1.276
SHIKIMATE-KINASE-RXN	EC-2.7.1.71
RXN0-7143	
RXN-8655	
3-PHOSPHOGLYCERATE-PHOSPHATASE-RXN	EC-3.1.3.38
RXN-9539	EC-2.3.1.179 // EC-2.3.1.41
RXN-7607	EC-3.1.3.99 // EC-3.1.3.5
RXN-9787	EC-2.8.1.7
RXN0-6576	EC-2.1.1.265
RXN-16910	
RXN0-2142	EC-1.1.1.100
RXN-14850	
RXN-21527	
PHOSPHOENOLPYRUVATE-PHOSPHATASE-RXN	EC-3.1.3.60
RXN0-722	EC-1.17.4.1
RXN-14136	EC-3.1.4.46
BRANCHED-CHAINAMINOTRANSFERVAL-RXN	EC-2.6.1.42
ACONITATEHYDR-RXN	
HISTALDEHYD-RXN	
SUCCINYLDIAMINOPIMTRANS-RXN	EC-2.6.1.17
RXN0-7275	
4.2.1.61-RXN	EC-4.2.1.59
3.1.26.5-RXN	EC-3.1.26.5
RXN0-302	EC-4.6.1.12
RXN-8461	
ENOYL-ACP-REDUCT-NADPH-RXN	EC-1.3.1.10 // EC-1.3.1.104 // EC-1.3.1.39
RXN0-6941	EC-1.16.1.9
RXN-17472	
RXN-15129	
NITRATE-REDUCTASE-CYTOCHROME-RXN	EC-1.9.6.1
RXN-22287	
PROLINE--TRNA-LIGASE-RXN	EC-6.1.1.15
RXN-10655	EC-1.1.1.100
NAD-SYNTH-NH3-RXN	EC-6.3.1.5
RXN-11483	EC-3.1.1.85
RXN-14278	EC-1.3.8.7
COBALADENOSYLTRANS-RXN	
RXN-15891	
ADENYLOSUCCINATE-SYNTHASE-RXN	EC-6.3.4.4
RXN-17127	EC-6.3.1.20
IGPSYN-RXN	EC-4.1.1.48
THIAZOLSYN3-RXN	EC-2.7.1.50
NADPYROPHOSPHAT-RXN	EC-3.6.1.22
RXN-19366	
RXN0-3521	EC-2.4.2.53
ADPSUGPPHOSPHAT-RXN	EC-3.6.1.21
RXN-12895	EC-3.5.1.110
RXN-17636	
RXN-9516	EC-2.3.1.179 // EC-2.3.1.41
RXN0-5264	
RXN0-7347	
RXN-9555	EC-3.1.2.14
PYRIDOXINE-4-DEHYDROGENASE-RXN	EC-1.1.1.65
RXN-9560	
RXN-14408	
CITLY-RXN	EC-4.1.3.6
CYTIKIN-RXN	EC-2.7.1.48 // EC-2.7.1.213
RXN-15578	
KDO-8PPHOSPHAT-RXN	EC-3.1.3.45
RXN-14047	EC-4.2.1.3
RXN0-7271	
O-SUCCINYLBENZOATE-COA-SYN-RXN	EC-4.2.1.113
RXN0-746	EC-1.1.98.6
3.5.1.88-RXN	EC-3.5.1.88
RXN-21400	
RXN0-4022	EC-1.7.1.13
UDPREDUCT-RXN	EC-1.17.4.1
DCYSDESULF-RXN	EC-4.4.1.15
ALKAPHOSPHA-RXN	EC-3.1.3.1
RXN0-7022	EC-6.3.2.45
RXN0-6373	EC-1.1.5.2
2.7.3.9-RXN	EC-2.7.3.9
RXN-17781	EC-1.1.1.35
RXN-22723	
RXN-21858	EC-2.6.1.7
R170-RXN	EC-1.16.1
RXN0-6511	
RXN0-1401	EC-2.7.4.23
RXN-14510	EC-3.1.3
DEOXYADENPHOSPHOR-RXN	EC-2.4.2.1
MALONYL-ACPDECARBOX-RXN	EC-4.1.1
RXN-1623	EC-2.3.1.51
PRODISULFREDUCT-A-RXN	
LEUCINE--TRNA-LIGASE-RXN	EC-6.1.1.4
TRYPTOPHAN--TRNA-LIGASE-RXN	EC-6.1.1.2
RXN-22735	EC-6.3.4.16
RXN-10658	EC-2.3.1.179 // EC-2.3.1.41
PANTOATE-BETA-ALANINE-LIG-RXN	EC-6.3.2.1
RXN-12473	EC-2.8.1.11
5.1.3.20-RXN	EC-5.1.3.20
AMYLOMALT-RXN	EC-2.4.1.25
RXN-17362	EC-3.4.23.36
RXN0-7090	EC-1.14.11.47
RXN-17797	EC-4.2.1.17
RXN-8001	EC-1.1.1.23
RXN66-526	EC-3.1.3.58 // EC-3.1.3.9
RXN-21408	
RXN-5647	EC-3.1.3.75
RIBOSYLNICOTINAMIDE-KINASE-RXN	EC-2.7.1.22
RXN-22647	
RXN0-2044	EC-1.1.1.35
RXN-9523	EC-2.3.1.179 // EC-2.3.1.41
RXN-14712	EC-2.4.1.129
DIAMINOPIMDECARB-RXN	EC-4.1.1.20
RXN-9558	EC-1.3.1.9
PABASYN-RXN	EC-2.6.1.85
RXN-16685	
RXN0-1133	EC-2.3.1.12
MALTODEG-RXN	
UDPSUGARHYDRO-RXN	EC-3.6.1.45
PHENPRODIOLDEHYDROG-RXN	EC-1.3.1.87
ACETOLACTREDUCTOISOM-RXN	EC-1.1.1.86
ASPCARBTRANS-RXN	EC-2.1.3.2
RXN0-7310	EC-1.8.4.15
RXN0-7167	EC-2.1.1
RXN-17954	EC-2.7.8.37
SPERMACTRAN-RXN	EC-2.3.1.57
RXN-7800	
1.8.1.4-RXN	EC-1.8.1.4
RXN-10940	EC-3.1.3.62
3-HYDROXYDECANOYL-ACP-DEHYDR-RXN	EC-4.2.1.59
RXN-14960	
DMBPPRIBOSYLTRANS-RXN	EC-2.4.2.21
METHYLMALONYL-COA-MUT-RXN	EC-5.4.99.2
VALINE-PYRUVATE-AMINOTRANSFER-RXN	EC-2.6.1.66
PNP-RXN	EC-2.4.2.1
ACYLCOASYN-RXN	EC-6.2.1
RXN0-5141	EC-1.1.1.91
RXN-10661	EC-1.3.1.9
CARNDETRU-RXN	EC-4.2.1.149
RXN-13039	
RXN0-7291	
SULFATE-ADENYLYLTRANS-RXN	EC-2.7.7.4
RXN-17824	EC-2.1.1.63
RXN-8642	
RXN-11573	EC-2.1.1.187
RXN0-308	
RXN-21423	
RXN-15147	
ENOYL-COA-DELTA-ISOM-RXN	EC-5.3.3.8
RXN-22650	
PROTOHEMEFERROCHELAT-RXN	EC-4.98.1.1
RXN-9528	EC-1.1.1.100
RXN-15292	
RXN-20025	EC-3.1.1.108
RXN0-5208	EC-2.7.7
RXN-9657	EC-1.3.1.9
CPM-KDOSYNTH-RXN	EC-2.7.7.38
NANK-RXN	EC-2.7.1.60
RXN0-5055	EC-2.1.3.15
THREODEHYD-RXN	EC-1.1.1.103
RXN0-6442	
AIRS-RXN	EC-6.3.3.1
RXN-11635	EC-2.1.1.174
RXN0-361	EC-3.2.2.3
RXN0-7363	
FORMYLTHFGLUSYNTH-RXN	EC-6.3.2.17
RXN-17725	EC-3.1.3
RXN-9772	EC-1.5.99
RXN0-5234	EC-4.1.2
3-OXOACYL-ACP-SYNTH-RXN	EC-2.3.1.179 // EC-2.3.1.41
PYRNUTRANSHYDROGEN-RXN	EC-1.6.1.2 // EC-1.6.1.3 // EC-1.6.1.1
BIOTINLIG-RXN	EC-6.3.4.15
RXN-15744	EC-1.1.1.55
RXN0-7008	EC-1.5.5.2
RXN-19381	
CITRYLY-RXN	EC-4.1.3.34
DAHPSYN-RXN	EC-2.5.1.54
GCVP-RXN	EC-1.4.4.2
OHMETPYRKIN-RXN	EC-2.7.1.49
RXN-11839	EC-5.4.99.25
TRE6PHYDRO-RXN	EC-3.2.1.93
ALPHA-AMYL-RXN	EC-3.2.1.1
GALPMUT-RXN	EC-5.4.99.9
RXN-11476	EC-1.1.1.100
RXN0-884	EC-1.17.7.4
RXN0-5375	EC-1.7.1.17
RXN-17785	EC-4.2.1.17
RXN0-1602	EC-3.6.1.66
RFFTRANS-RXN	EC-2.6.1.59
RXN-21426	EC-1.8.4.15
RXN-16420	EC-1.12.98
RXN-12104	EC-1.17.99.6
DEOXYNUCLEOTIDE-3-PHOSPHATASE-RXN	EC-3.1.3.34
RXN-9533	EC-4.2.1.59
PEPCARBOXYKIN-RXN	EC-4.1.1.49
GLUCONATE-5-DEHYDROGENASE-RXN	EC-1.1.1.69
RXN-9660	EC-1.3.1.9
5.4.2.10-RXN	EC-5.4.2.10
UDP-NACMUR-ALA-LIG-RXN	EC-6.3.2.8
ARGININE-N-SUCCINYLTRANSFERASE-RXN	EC-2.3.1.109
1.1.1.251-RXN	EC-1.1.1.251
RXN0-6531	EC-6.3.1
S-FORMYLGLUTATHIONE-HYDROLASE-RXN	EC-3.1.2.12
RXN0-5433	EC-4.1.2.53
RXN-17886	
RXN0-7371	EC-2.7.7
RXN0-2201	
RXN-20459	
THIOREDOXIN-RXN	
2.1.1.63-RXN	EC-2.1.1.63
RXN-16690	
RXN-12567	EC-4.2.1.17
DIHYDLIPACETRANS-RXN	EC-2.3.1.12
CHEBDEAMID-RXN	EC-3.5.1.44
PHOSACETYLTRANS-RXN	EC-2.3.1.8
RXN-11496	EC-1.2.5.1
GLUTCYSLIG-RXN	EC-6.3.2.2
FHLMULTI-RXN	
URACIL-PRIBOSYLTRANS-RXN	EC-2.4.2.9
ATPPHOSPHORIBOSYLTRANS-RXN	EC-2.4.2.17
2-OCTAPRENYL-6-OHPHENOL-METHY-RXN	EC-2.1.1.222
RXN0-5116	EC-2.7.1.16
RXN0-2921	EC-6.3.2.17
RXN0-6371	EC-1.1.5
RXN-11479	EC-2.3.1.179 // EC-2.3.1.41
RXN-17961	EC-2.3.1.280
RXN-15511	
RXN-17009	EC-2.3.1.51
GLUTAMIDOTRANS-RXN	EC-4.3.2.10
RXN-17021	EC-2.3.1.51
RXN-20756	
RXN-18434	EC-2.3.1.267
PORPHOBILSYNTH-RXN	EC-4.2.1.24
RXN-13163	EC-4.2.1.33
RXN-13072	EC-3.5.1.3 // EC-3.5.1.111
CDPKIN-RXN	EC-2.7.4.6
RXN-8629	EC-1.8.1.4
GLYCOLALDREDUCT-RXN	EC-1.1.1.77
XYLONATE-DEHYDRATASE-RXN	EC-4.2.1.82
RXN-9537	EC-4.2.1.59
TAGAALDOL-RXN	EC-4.1.2.40
2.6.1.7-RXN	
RXN-9663	EC-1.3.1.9
RXN0-5182	EC-2.4.1.1
RXN0-2141	EC-2.3.1.179 // EC-2.3.1.41
RXN0-6555	EC-1.16.1.9
RXN0-3201	EC-3.4.21
RXN0-6510	EC-5.3.3.18
RXN-18707	
RXN-17495	EC-3.1.3.62
RXN-21027	
PRTRANS-RXN	EC-2.4.2.18
RXN-13853	EC-1.7.1
ERYTHRON4PDEHYDROG-RXN	EC-1.1.1.290
2.3.1.180-RXN	EC-2.3.1.180
CYSTEINE-AMINOTRANSFERASE-RXN	EC-2.6.1.3
GSAAMINOTRANS-RXN	EC-5.4.3.8
4.2.1.59-RXN	EC-4.2.1.59
RXN0-5214	EC-3.1.1
THRESYN-RXN	EC-4.2.3.1
3-HYDROXBUTYRYL-COA-DEHYDRATASE-RXN	EC-4.2.1.55
ENOYL-ACP-REDUCT-NADH-RXN	EC-1.3.1.9
HOLO-ACP-SYNTH-RXN	EC-2.7.8.7
RXN0-383	EC-3.6.1.9 // EC-3.6.1.65
RXN0-6562	
RXN-11667	EC-4.2.1.150
RXN-10654	EC-2.3.1.179 // EC-2.3.1.41
RXN-17753	
RXN-11482	EC-1.3.1.9
FUCISOM-RXN	EC-5.3.1.25
RXN-15890	
PYRUVFORMLY-RXN	EC-2.3.1.54
RXN-14113	EC-3.1.4.16
RXN0-5291	EC-2.7.7
RXN-18605	EC-1.7.2.2
DARABALDOL-RXN	EC-4.1.2.17
H2PTERIDINEPYROPHOSPHOKIN-RXN	EC-2.7.6.3
RXN-1961	EC-6.3.4.19
TRIOSEPISOMERIZATION-RXN	EC-5.3.1.1
RXN0-6731	EC-2.1.1.242
RXN-9514	EC-1.1.1.100
RXN-11843	EC-5.4.99.29
RXN-9550	EC-3.1.2.14
RXN0-4341	EC-2.7.1.167
RXN-22214	EC-2.5.1
RXN-9789	EC-2.7.7.73
GDP-GLUCOSIDASE-RXN	EC-3.2.1.42
RXN0-2145	EC-1.3.1.9
RXN-17789	EC-4.2.1.17
RXN-14255	EC-3.1.2
RXN0-5391	EC-5.3.3.8
RIB5PISOM-RXN	EC-5.3.1.6
RXN0-724	EC-1.1.98.6
HOMSUCTRAN-RXN	EC-2.3.1.46
RXN-20024	
RXN0-745	EC-1.1.98.6
DGDPKIN-RXN	EC-2.7.4.6
UDPNACETYLGLUCOSAMACYLTRANS-RXN	EC-2.3.1.129
RXN-12353	EC-1.14.11.33
1-ACYLGLYCEROL-3-P-ACYLTRANSFER-RXN	EC-2.3.1.51
UDPACYLGLCNACDEACETYL-RXN	EC-3.5.1.108
2.7.13.1-RXN	EC-2.7.13.1
GLUCOSAMINE-KINASE-RXN	EC-2.7.1.8
ACP-S-ACETYLTRANSFER-RXN	EC-2.3.1.38
RXN0-5057	
CHER-RXN	EC-2.1.1.80
RXN-22462	EC-2.4.99
1.1.1.83-RXN	EC-1.1.1.83
RXN-14379	EC-2.7.8.43
LEUCYLTRANSFERASE-RXN	EC-2.3.2.6
RXN0-5462	EC-3.6.1 // EC-3.6.1.15 // EC-3.6.5.6 // EC-3.6.5.5 // EC-3.6.5.4 // EC-3.6.5.3 // EC-3.6.5.2 // EC-3.6.5.1
RXN-10018	
ISOCHORSYN-RXN	EC-5.4.4.2
RXN-10657	EC-1.3.1.9
RXN-20675	EC-4.2.1.17
DIHYDRONEOPTERIN-MONO-P-DEPHOS-RXN	EC-3.6.1
RXN-12611	EC-2.5.1.3
RXN-17355	
URKI-RXN	EC-2.7.1.48
RXN0-7012	EC-2.7.8.41
RXN-19342	
GLUTRNAREDUCT-RXN	EC-1.2.1.70
RXN0-5122	EC-2.4.99
RXN-22696	
2.1.1.34-RXN	EC-2.1.1.34
RXN-22646	
RXN-18092	EC-2.3.2.2
RXN-14500	
RXN-9520	EC-4.2.1.59
RXN0-6450	
RXN-9557	EC-4.2.1.59
RXN-11319	EC-4.1.99.19
RXN0-1132	EC-1.8.1.4
L-IDONATE-2-DEHYDROGENASE-RXN	EC-1.1.1.264
RXN-20900	
DTDPGLUCOSEPP-RXN	EC-2.7.7.24
4OHBENZOATE-OCTAPRENYLTRANSFER-RXN	EC-2.5.1.39
RXN-13182	EC-3.1.1.53
RXN0-5186	EC-3.1.3
RXN0-7075	EC-2.8.3.19
GLYOCARBOLIG-RXN	EC-4.1.1.47
RXN0-748	EC-1.17.4.1
RXN-18737	EC-1.14.11.33
RXN-3482	
2.7.13.3-RXN	EC-2.7.13.3
RXN-11592	EC-2.1.1.177
2OXOGLUTDECARB-RXN	EC-1.2.4.2
RXN-14534	
F16BDEPHOS-RXN	EC-3.1.3.11
LYXK-RXN	EC-2.7.1.53
RXN-21179	EC-2.5.1.25
MCPMETEST-RXN	EC-3.1.1.61
RXN0-5222	
PROTEIN-TYROSINE-PHOSPHATASE-RXN	EC-3.1.3.48
ACECOATRANS-RXN	EC-2.8.3.8
RXN-14002	EC-3.6.1.58
RXN-10660	EC-4.2.1.59
RXN-19311	EC-3.1.1.5
RXN-13031	EC-3.5.1
RXN0-7141	EC-1.17.1
GTP-CYCLOHYDRO-I-RXN	EC-3.5.4.16
RXN-11813	EC-1.11.1.19
RXN-7605	EC-2.1.1
3-OCTAPRENYL-4-OHBENZOATE-DECARBOX-RXN	EC-4.1.1.98
GABATRANSAM-RXN	EC-2.6.1.19
RXN-14815	EC-5.1.3
RXN-21422	EC-1.8.4.16
RXN0-6575	EC-4.3.99.3
RXN-22649	
RXN0-5297	EC-3.2.1
METHIONINE--TRNA-LIGASE-RXN	EC-6.1.1.10
RXN-9527	EC-2.3.1.179 // EC-2.3.1.41
RXN-21526	
RXN-9655	EC-4.2.1.59
RXN-19776	EC-1.11.1
ACONITATEDEHYDR-RXN	
RXN-14126	EC-3.1.3.6
RXN-11866	EC-2.1.1.200 // EC-2.1.1.205
RXN0-7272	
RXN0-6435	EC-6.2.1
HEMN-RXN	EC-1.3.98.3
GDPPYPHOSKIN-RXN	EC-2.7.6.5
RXN-8460	EC-1.13.11.29
RXN0-6938	
RXN0-949	EC-2.8.1.8
RXN-15127	EC-3.5.99.10
RXN-22286	
3-OXOACYL-ACP-SYNTH-BASE-RXN	EC-2.3.1.41 // EC-2.3.1.179
RXN-20154	
BIOTIN-CARBOXYL-RXN	EC-6.3.4.14
NAD-SYNTH-GLN-RXN	EC-6.3.5.1
RXN-14277	EC-2.3.1.16
CITC-RXN	EC-6.2.1.22
RXN-12458	EC-2.1.1.228
ADENYLATECYC-RXN	EC-4.6.1.1
HYPOXANPRIBOSYLTRAN-RXN	EC-2.4.2.8
GLUCUROISOM-RXN	EC-5.3.1.12
ADOMET-DMK-METHYLTRANSFER-RXN	EC-2.1.1.163
RXN-11474	EC-2.3.1.179 // EC-2.3.1.41
1.8.4.4-RXN	EC-1.8.4.4
RXN0-5515	EC-2.7.7.41
RXN-9559	
RXN-22561	EC-2.7.8.42
RXN-19780	EC-3.1.3
RXN-20680	EC-1.1.1
RXN-15356	
RXN-21425	
RXN-14396	
RXN-22956	
RXN-12754	
O-SUCCINYLBENZOATE-COA-LIG-RXN	EC-6.2.1.26
RXN-9532	EC-1.1.1.100
KDGALDOL-RXN	EC-4.1.2.20
RXN-9659	EC-1.3.1.9
GLYCDEH-RXN	EC-1.1.1.6
RXN0-1141	EC-6.3.1.20
ALDOSE1EPIM-RXN	EC-5.1.3.3
2.3.1.118-RXN	EC-2.3.1.118
RXN0-7392	
RXN0-7021	EC-1.1.1
RXN0-7192	
RXN0-6479	EC-3.1.13.1
RXN0-1382	EC-2.8.3.16
RXN-22713	
THIOREDOXIN-REDUCT-NADPH-RXN	EC-1.8.1.9
RXN-20916	EC-2.3.1.251
RXN-16225	EC-3.1.1.5
RXN-14509	EC-3.1.3
3.1.4.14-RXN	EC-3.1.4.14
RXN-13459	EC-5.3.2.6
PANTETHEINE-KINASE-RXN	EC-2.7.1.34
CDPREDUCT-RXN	EC-1.17.4.1
LCARNCOALIG-RXN	EC-6.2.1.48
GLYOXIII-RXN	EC-4.2.1.130
AMPSYN-RXN	EC-4.3.2.2
GDPREDUCT-RXN	EC-1.17.4.1
5-OXOPROLINASE-ATP-HYDROLYSING-RXN	EC-3.5.2.9
MYRPALMTRAN-RXN	EC-2.3.1.243
RIBONUCLEOSIDE-TRIP-REDUCT-RXN	EC-1.1.98.6
RXN3O-470	
RXN0-7083	
RXN-11478	EC-1.3.1.9
RXN-15510	
RXN0-2042	EC-1.14.13.149
RXN-4821	EC-3.5.99
RXN-16665	
RXN-17943	EC-4.2.1
RXN-14693	
RXN-14026	EC-3.1.3.91 // EC-3.1.3.5
RXN-21566	EC-2.8.1.7
PHENDEHYD-RXN	EC-1.2.1.39
MALTACETYLTRAN-RXN	EC-2.3.1.79
RXN-7716	EC-1.8.1.4
GUANOSINE-DIPHOSPHATASE-RXN	EC-3.6.1.42
ASPARTATEKIN-RXN	EC-2.7.2.4
RXN-9536	EC-1.1.1.100
ACETOACETYL-COA-TRANSFER-RXN	EC-2.8.3.9
RXN-9662	EC-1.3.1.9
RXN0-20	EC-2.5.1.145
SORBITOL-6-PHOSPHATASE-RXN	EC-3.1.3.50
RXN0-7165	EC-2.3.1.57
RXN0-6708	
RXN-7682	EC-1.17.1.4
RXN-14904	
RXN-14143	EC-3.1.3.89
PNKIN-RXN	EC-2.7.1.35
2.3.1.179-RXN	EC-2.3.1.179
METHYLMALONYL-COA-EPIM-RXN	EC-5.1.99.1
4.2.1.58-RXN	EC-4.2.1.59
HISTIDINE--TRNA-LIGASE-RXN	EC-6.1.1.21
CARDIOLIPSYN-RXN	EC-2.7.8.41
ACYLCOADEHYDROG-RXN	EC-1.3.8
3.1.3.74-RXN	EC-3.1.3.74
GSDEADENYLATION-RXN	EC-2.7.7.89
SUGAR-PHOSPHATASE-RXN	EC-3.1.3.23
RXN0-7285	EC-5.1.1
RXN0-6950	EC-2.1.1.264
RXN0-305	EC-5.3.1.22
RXN-10462	EC-2.3.1.15
RXN-8632	
RXN-11481	EC-4.2.1.59
RXN-22317	
PROPKIN-RXN	EC-2.7.2.7 // EC-2.7.2.1 // EC-2.7.2.15 // EC-2.7.2.14
RXN-15889	EC-2.7.8.7
RXN-15140	
RXN-17023	EC-2.3.1.51
RXN-14283	EC-3.2.1.20
COBINPGUANYLYLTRANS-RXN	EC-2.7.7.62
RXN-18604	EC-7.1.1.8
NANE-RXN	EC-5.1.3.9
IMPCYCLOHYDROLASE-RXN	EC-3.5.4.10
THIOSULFATE-SULFURTRANSFERASE-RXN	EC-2.8.1.1
AICARTRANSFORM-RXN	EC-2.1.2.3
RXN0-3601	EC-2.8.3.21
RXN0-7362	EC-3.1.3
RXN-17724	EC-3.1.3
RXN-9644	EC-6.2.1.3
RXN-22604	
PYRIMSYN3-RXN	EC-2.7.4.7
RXN-15743	EC-1.1.1
RXN-14473	EC-3.1.3.2
DADPKIN-RXN	EC-2.7.4.6
OHBUTYRYL-COA-EPIM-RXN	EC-5.1.2.3
KDOTRANS2-RXN	EC-2.4.99.13
TRANSENOYLCOARED-RXN	EC-1.3.1.38
ALLOSE-KINASE-RXN	EC-2.7.1.55
325-BISPHOSPHATE-NUCLEOTIDASE-RXN	EC-3.1.3.7
RXN0-4222	EC-3.1.13.1
RXN0-743	EC-5.4.99.18
RXN0-703	EC-1.1.1.130
RXN0-1483	EC-1.16.3.1
RXN-22736	
R621-RXN	EC-1.14.12.17
RXN-16312	EC-1.10.3.2
RXN-14513	EC-3.1.3
DEOXYINOPHOSPHOR-RXN	EC-2.4.2.1
PEPCARBOX-RXN	EC-4.1.1.31
LTAA-RXN	EC-4.1.2.48 // EC-4.1.2.49
TYROSINE-AMINOTRANSFERASE-RXN	EC-2.6.1.1 // EC-2.6.1.57 // EC-2.6.1.5 // EC-2.6.1.27
ARGININE--TRNA-LIGASE-RXN	EC-6.1.1.19
RXN0-7101	
RXN0-5038	EC-3.1.4.53
S-ADENMETSYN-RXN	EC-2.5.1.6
RXN-6081	
RXN-17809	EC-4.6.1.17
RXN0-2161	EC-6.1.1.11
RXN-14806	
RIBULPEPIM-RXN	EC-5.1.3.4
RXN-16689	
MANNKIN-RXN	EC-2.7.1.7
DIENOYLCOAREDUCT-RXN	EC-1.3.1.34
PHENYLSERINE-ALDOLASE-RXN	EC-4.1.2.26
ACETOOHBUTSYN-RXN	EC-2.2.1.6
URA-PHOSPH-RXN	EC-2.4.2.3 // EC-2.4.2.2
ATPASE-RXN	EC-3.6.1.15
RXN0-7173	EC-4.2.1
RXN0-5114	EC-3.1.3.3
RXN0-280	EC-1.14.14.5
RXN-7948	EC-3.1.3.75
RXN-17960	EC-2.3.1.280
RXN-17008	EC-2.3.1.51
RXN-14997	
POLYPHOSPHATE-KINASE-RXN	EC-2.7.4.1
MHPELY-RXN	EC-4.1.3.39
CDPDIGLYSYN-RXN	EC-2.7.7.41
ADDALT-RXN	EC-3.5.4.4
XYLISOM-RXN	EC-5.3.1.5
SUPEROX-DISMUT-RXN	EC-1.15.1.1
RXN0-7313	EC-1.16.1.9
RXN0-5181	EC-3.2.1.1
RXN-8675	
RXN-17493	EC-3.1.3.62
RXN-8974	EC-1.1.1.298
RXN-11578	EC-2.1.1.170
PRPPSYN-RXN	EC-2.7.6.1
RXN-15297	EC-2.7.1.184
ERYTH4PDEHYDROG-RXN	EC-1.2.1.72
CYSTEINE--TRNA-LIGASE-RXN	EC-6.1.1.16
NICOTINAMID-RXN	EC-3.5.1.19
RXN0-5213	EC-1.1.1
RXN-20056	
THREOSPON-RXN	
ALANINE--TRNA-LIGASE-RXN	EC-6.1.1.7
RXN-20161	EC-1.8.4.16
RXN0-382	EC-2.7.1
RXN0-7368	EC-4.2.1
RXN-11662	EC-1.1.1.35
RXN-17752	
RXN-9983	EC-5.3.2.8
FUC4NACTRANS-RXN	EC-2.4.1.325
PYRUVATEDECARB-RXN	EC-1.2.4.1
RXN0-5289	EC-1.1.1
DARAB5PISOM-RXN	EC-5.3.1.13
OROPRIBTRANS-RXN	EC-2.4.2.10
RXN-19573	EC-2.5.1.18
TREHALOSEPHOSPHA-RXN	EC-3.1.3.12
ALTRODEHYDRAT-RXN	EC-4.2.1.7
RXN-11842	EC-5.4.99.28
RXN0-4301	EC-5.3.1.28
RXN0-962	EC-2.7.1.218
GARTRANSFORMYL2-RXN	EC-6.3.1.21
RXN-16938	EC-3.5.1.28
RXN0-1861	EC-1.1.1.305
RXN0-5390	EC-3.1.2
RHAMNULPALDOL-RXN	EC-4.1.2.19
RXN-16456	
RXN-20023	
DEPHOSPHOCOAKIN-RXN	EC-2.7.1.24
PEPTIDYLPROLYL-ISOMERASE-RXN	EC-5.2.1.8
RXN-12195	EC-3.6.1.15
UDP-NACMURALGLDAPLIG-RXN	EC-6.3.2.13
ARYLAMINE-N-ACETYLTRANSFERASE-RXN	EC-2.3.1.5
GLUCOSAMINE-6-P-DEAMIN-RXN	EC-3.5.99.6
SEDOBISALDOL-RXN	EC-4.1.2.13
1.1.1.283-RXN	EC-1.1.1.283
RXN0-2381	EC-4.1.2.8
RXN0-5461	EC-2.7.1.189
RXN-10017	
RXN-16765	
RXN-20674	
DIHYDROFOLATESYNTH-RXN	EC-6.3.2.12
PHOSNACMURPENTATRANS-RXN	EC-2.7.8.13
URIDINEKIN-RXN	EC-2.7.1.48
BETA-LACTAMASE-RXN	EC-3.5.2.6
GLUTRACE-RXN	EC-5.1.1.3
RXN0-5121	EC-2.7.1.235
SUCCCOASYN-RXN	EC-6.2.1.5
2-OXOPENT-4-ENOATE-HYDRATASE-RXN	EC-4.2.1.80
RXN-18032	
RXN0-2943	
RXN0-7311	EC-1.8.4.16
RXN0-6427	EC-3.1.7.2
RXN-11277	EC-3.1.3.81
RXN-17104	EC-3.6.1.68
DTDPGLUCDEHYDRAT-RXN	EC-4.2.1.46
PPPGPPHYDRO-RXN	EC-3.6.1.40
RXN-13179	EC-1.1.1.262
RXN0-5185	EC-3.1.3
CHORISMATE-SYNTHASE-RXN	EC-4.2.3.5
GLYCPDIESTER-RXN	EC-3.1.4.46
RXN-18710	
TDPFUCACTRANS-RXN	EC-2.3.1.210
2.7.13.2-RXN	EC-2.7.13.2
RXN-11591	EC-2.1.1.176
F16ALDOLASE-RXN	EC-4.1.2.13
RXN-17631	
RXN-21092	EC-2.4.1.1
RXN-20000	
RXN0-5220	
PSEUDOURIDINE-KINASE-RXN	EC-2.7.1.83
RXN-13990	EC-4.1.3.42
CYTIDEAM2-RXN	EC-3.5.4.5
GST-RXN	EC-2.5.1.18
RXN-20057	EC-1.8.4.16
RXN-11811	
THYM-PHOSPH-RXN	EC-2.4.2.2 // EC-2.4.2.4
RXN-21410	EC-1.8.4.16
3-NUCLEOTID-RXN	EC-3.1.3.6
FUMHYDR-RXN	EC-4.2.1.2
RXN0-3901	EC-6.3.1.11
RXN0-6565	EC-1.3.1.1
RXN-21525	
RXN0-5295	EC-3.2.1
RXN-17776	EC-4.2.1.17
RXN-14124	EC-3.1.3.6
HEMEOSYN-RXN	EC-2.5.1.141
RXN-19775	EC-1.11.1
QUINATE-5-DEHYDROGENASE-RXN	EC-1.1.1.282
RXN0-6734	EC-4.7.1.1
RXN-11865	EC-2.1.1.207
DCDPKIN-RXN	EC-2.7.4.6
RXN-22285	
RXN-14274	EC-2.3.1.16
GDPMANMANHYDRO-RXN	EC-3.2.1.42
TRNA-GUANINE-N7--METHYLTRANSFERASE-RXN	EC-2.1.1.33
HYPOTAURINE-DEHYDROGENASE-RXN	EC-1.8.1.3
RXN0-5398	EC-4.2.1.70
RXN0-4401	EC-3.6.1.22
RXN0-6981	EC-3.4.13.18
RXN-22511	
RXN-20084	
RXN-14394	EC-2.3.1.16
RXN-12445	EC-1.5.1.41
ISPH2-RXN	EC-1.17.7.4
RIBOFLAVINSYNDEAM-RXN	EC-3.5.4.26
RXN0-7020	EC-1.1.1.346
GLUCOSE-6-PHOSPHATE-1-EPIMERASE-RXN	EC-5.1.3.15
DHBDEHYD-RXN	EC-1.3.1.28
RXN-22711	
RXN-14505	EC-3.1.3
1.5.1.34-RXN	EC-1.5.1.34
UDPKIN-RXN	EC-2.7.4.6
LACTALDREDUCT-RXN	EC-1.1.1.77
5-NUCLEOTID-RXN	EC-3.1.3.5
RXN0-5065	EC-3.1.2
RXN0-7081	
RXN-3641	EC-2.3.1.174
RXN-20679	EC-1.1.1.35
RXN-17930	
RXN-14570	EC-2.3.1.234
MALSYN-RXN	EC-2.3.3.9
RXN-12753	
RXN-10814	EC-2.6.1.1 // EC-2.6.1.57 // EC-2.6.1.27
ACETATEKIN-RXN	EC-2.7.2.15 // EC-2.7.2.1
RXN0-7160	EC-2.3.1
GLYC3PDEHYDROGBIOSYN-RXN	EC-1.1.1.94
DIHYDROXYISOVALDEHYDRAT-RXN	EC-4.2.1.9
RXN-7632	EC-1.1.1.237
RXN-14883	
2.1.1.79-RXN	EC-2.1.1.79
UROPORIIIMETHYLTRANSA-RXN	
METHYLISOCITRATE-LYASE-RXN	EC-4.1.3.30
ACYL-COA-HYDROLASE-RXN	EC-3.1.2.20
RXN0-6478	EC-3.1.26.12
RXN0-5125	EC-2.4.1.73
RXN-8506	EC-1.5.1.37
RXN-20915	EC-2.3.1.251
RXN-18241	
RXN-15139	
NADPH-DEHYDROGENASE-FLAVIN-RXN	EC-1.5.1.30
RXN-13418	EC-1.14.14.5
RXN-11397	EC-3.6.1
NAG6PDEACET-RXN	EC-3.5.1.25
AICARSYN-RXN	EC-4.3.2.2
GLYOXII-RXN	EC-3.1.2.6
DUDPKIN-RXN	EC-2.7.4.6
RXN0-7352	EC-3.2.2
RXN-9597	EC-1.4.3.21
2.7.7.60-RXN	EC-2.7.7.60
RXN0-5190	EC-4.2.2
RXN-15607	EC-1.1.1
OHACYL-COA-DEHYDROG-RXN	EC-1.1.1.35
RXN-18819	
ALLANTOINASE-RXN	EC-3.5.2.5
RXN0-742	EC-6.3.4.18
RXN-21236	EC-1.14.11
RXN-11598	EC-2.1.1.193
RXN0-1461	EC-1.3.3.3
RXN-16286	EC-2.7.8.42
RXN-14025	EC-3.1.3.5
FCLREDUCT-RXN	
PDXJ-RXN	EC-2.6.99.2
ARGDECARBOX-RXN	EC-4.1.1.19
GUANINE-DEAMINASE-RXN	EC-3.5.4.3
RXN0-5225	EC-3.5.1.28
RXNMETA-12672	EC-1.2.1.91
RXN0-2101	EC-1.97.1.9
RXN-19334	
RXN-16688	
PHENYLPYRUVATE-TAUTOMERASE-RXN	EC-5.3.2.1
RXN0-6677	
RXN-11834	EC-5.4.99.20
ATP-PYROPHOSPHATASE-RXN	EC-3.6.1.8
SPONTPRO-RXN	
RXN-21533	EC-2.7.2
GALACTOKIN-RXN	EC-2.7.1.6
RXN0-275	EC-3.5.2
RXN-14142	EC-3.1.3.89
RXN0-5305	
CDPDIGLYPYPHOSPHA-RXN	EC-3.6.1.26
HISTCYCLOHYD-RXN	EC-3.5.4.19
RXN-19854	EC-2.7.99
SULFOCYS-RXN	EC-2.5.1.144
RXN0-313	EC-4.1.2
3.1.3.68-RXN	EC-3.1.3.68
RXN-12070	EC-3.7.1.14
RXN-17490	EC-3.1.3.62
PRPPAMIDOTRANS-RXN	EC-2.4.2.14
RXN0-6948	EC-2.3.1.1
GLU6PDEHYDROG-RXN	EC-1.1.1.49
CYCPHOSDIESTER-RXN	EC-3.1.4.16
THREONINE-ALDOLASE-RXN	EC-4.1.2.48 // EC-4.1.2.5
RXN-22316	
RXN0-5410	EC-1.1.1
RXN0-3741	EC-3.1.3.89
RXN-17745	EC-3.1.3
RXN-14282	EC-3.2.1.20
PYRROLINECARBREDUCT-RXN	EC-1.5.1.2
DAPASYN-RXN	EC-2.6.1.62
IMP-DEHYDROG-RXN	EC-1.1.1.205
RXN-12508	
TREHALOSE6PSYN-RXN	EC-2.4.1.15
RXN0-4281	EC-1.1.1.21
GLUTAMINE--TRNA-LIGASE-RXN	EC-6.1.1.18
RXN-17787	EC-2.3.1.16
RHAMNULOKIN-RXN	EC-2.7.1.5
2OXOGLUTARATEDEH-RXN	EC-1.2.1.105
2-DEHYDROPANTOATE-REDUCT-RXN	EC-1.1.1.169
DEOXYRIBOSE-P-ALD-RXN	EC-4.1.2.4
UDP-NACMURALGLDAPAALIG-RXN	EC-6.3.2.10
RXN-22603	
RXN0-6274	EC-2.5.1.75
RXN-17900	
RXN-14461	EC-2.7.1.180
RXN-10016	
DIHYDROFOLATEREDUCT-RXN	EC-1.5.1.3
KDOTRANS-RXN	EC-2.4.99.12
RXN0-1661	EC-3.1.1
RXN-12862	
URIDINE-NUCLEOSIDASE-RXN	EC-3.2.2.3
RXN0-5120	EC-2.4.1
3.6.1.41-RXN	EC-3.6.1.41
GLYCEROL-KIN-RXN	EC-2.7.1.30
RXN-18031	
RXN-11174	EC-1.1.1.282
RXN0-7024	EC-1.1.1.350
2.4.1.78-RXN	EC-2.4.1.78
DTDPDEHYRHAMREDUCT-RXN	EC-1.1.1.133
RXN0-2281	EC-2.9.1.3
YIAE1-RXN	EC-1.1.1
RXN-22734	
RXN0-6482	EC-2.7.7.56
RXN0-5184	EC-2.4.1.1
SUCCINATE-DEHYDROGENASE-UBIQUINONE-RXN	EC-1.3.5.1
RXN-18709	EC-2.8.1
RXN-14512	EC-3.1.3
RXN-11589	EC-2.1.1.186
EXOPOLYPHOSPHATASE-RXN	EC-3.6.1.11
LIPIDXSYNTHESIS-RXN	EC-3.6.1.54
RXN-13615	EC-1.3.8.7
RXN0-5217	EC-2.5.1
5.3.3.14-RXN	EC-5.3.3.14
GMKALT-RXN	EC-2.7.4.13 // EC-2.7.4.12
RXN-11791	EC-2.7.8.31
ACETYL-COA-ACETYLTRANSFER-RXN	EC-2.3.1.16 // EC-2.3.1.9
FUCULOKIN-RXN	EC-2.7.1.51
2.9.1.1-RXN	EC-2.9.1.1
RXN0-5294	
RXN-19737	
RXN-5921	EC-1.14.13.239
RXN-11860	EC-2.1.1.207
GDPMANDEHYDRA-RXN	EC-4.2.1.47
RXN-14753	
RXN-21270	EC-3.5.1.135
RXN0-5395	EC-3.2.1
RXN-20079	
MANNITOL-1-PHOSPHATASE-RXN	EC-3.1.3.22
RXN-14073	EC-3.1.4.46
RXN-12444	EC-1.5.1.38
GLUCOSE-6-PHOSPHATASE-RXN	EC-3.1.3.58 // EC-3.1.3.9
ACETOOHBUTREDUCTOISOM-RXN	EC-1.1.1.86
GUANYL-KIN-RXN	EC-2.7.4.8
1.5.1.20-RXN	EC-1.5.1.20
RXN-13202	EC-6.3.4.16
RXN0-7170	
RXN-20678	EC-4.2.1.17
CTPSYN-RXN	EC-6.3.4.2
RXN-12752	EC-5.1.99.6
RXN-7931	EC-5.3.3.8
RXN0-6721	
GLY3KIN-RXN	EC-2.7.1.31
RXN0-6259	EC-1.3.5.3
2.1.1.77-RXN	EC-2.1.1.77
RXN-14992	EC-2.1.1.297
RXN-21565	
RXN0-6460	
RXN-20914	EC-2.3.1.251
MHPCHYDROL-RXN	EC-3.7.1.14
DSERDEAM-RXN	EC-4.3.1.18
RXN-14181	EC-3.1.3.74
RXN-13329	
GLYOXI-RXN	EC-4.4.1.5
ADCLY-RXN	EC-4.1.3.38
HISTPRATPHYD-RXN	EC-3.6.1.31
2.7.7.13-RXN	EC-2.7.7.13
METBALT-RXN	EC-4.3.1
RXN0-7309	EC-3.1.3
3.2.1.21-RXN	EC-3.2.1.21
RXN-21235	EC-1.14.11.54
RXN0-7078	EC-2.3.1.286
RXN-14023	EC-1.1.1.2
RXN-8667	EC-1.11.1.21
RXN0-6973	EC-1.14.14.5
GTPPYPHOSKIN-RXN	EC-2.7.6.5
RXN-15216	EC-5.3.1.32
RXN-22328	
RXN0-6676	
RXN-21532	
RXN-8899	
RXN-14286	EC-2.4.1.1
RXN-14139	EC-3.6.1.9
HISTAMINOTRANS-RXN	EC-2.6.1.9
RXN-15296	EC-5.3.1.31
INOSINATE-NUCLEOSIDASE-RXN	EC-3.2.2.12
RXN0-6944	
NICONUCADENYLYLTRAN-RXN	EC-2.7.7.18
RXN-22315	
RXN-14281	EC-3.2.1.20
ALADEHYDCHLORO-RXN	EC-4.5.1.2
RXN0-6998	EC-2.1.1.266
IMIDPHOSDEHYD-RXN	EC-4.2.1.19
RXN0-7367	EC-4.2.1
RXN-22607	
RXN-9952	EC-1.1.1.44
RXN-14479	EC-3.1.1
RXN-14409	
KDO-8PSYNTH-RXN	EC-2.5.1.55
RXN-15878	EC-1.17.7.3
KETOACYLCOATHIOL-RXN	EC-2.3.1.16
3.5.2.17-RXN	EC-3.5.2.17
ORNDECARBOX-RXN	EC-4.1.1.17
4-NITROPHENYLPHOSPHATASE-RXN	EC-3.1.3.41
RXN-22729	
RXN-14511	EC-3.1.3
ALTRO-OXIDOREDUCT-RXN	EC-1.1.1.58
RXN0-705	EC-4.1.1.85
LIPIDADISACCHARIDESYNTH-RXN	EC-2.4.1.182
5.3.1.17-RXN	EC-5.3.1.17
RXN0-961	
ASNSYNB-RXN	EC-6.3.5.4
RXN-22915	
RXN0-7092	EC-2.4.2
RXN-5822	EC-3.1.3.108
RXN0-1842	EC-2.3.1.251
RXN-14521	EC-3.1.3.34
RXN-14747	
RXN-13403	EC-2.1.1.107
MALTODEXGLUCOSID-RXN	EC-3.2.1.20
RXN-16454	
LXULRU5P-RXN	EC-5.1.3.22
ACETOLACTSYN-RXN	EC-2.2.1.6
RXN0-7168	EC-2.1.1
PEPSYNTH-RXN	EC-2.7.9.2
6-PHOSPHO-BETA-GLUCOSIDASE-RXN	EC-3.2.1.86
RXN-7913	EC-2.7.4.25 // EC-2.7.4.14 // EC-2.7.4.13
3.1.22.4-RXN	EC-3.1.21.10
RXN-14968	
ARGSUCCINSYN-RXN	EC-6.3.4.5
RXN0-7114	EC-2.1.1
METHYLTHIOADENOSINE-NUCLEOSIDASE-RXN	EC-3.2.2.9 // EC-3.2.2.16
ACYLPHOSPHATASE-RXN	EC-3.6.1.7
SAMDECARB-RXN	EC-4.1.1.50
RXN-6321	
RXN0-7298	EC-2.7.1
RXN-8654	
RXN0-2361	EC-6.3.2.45
RXN-14809	
RXN-15210	
RXN-15293	
RXN-16701	EC-1.1.1.399
MANNOSE-ISOMERASE-RXN	EC-5.3.1.7
NAPHTHOATE-SYN-RXN	EC-4.1.3.36
AKBLIG-RXN	EC-2.3.1.29
PHOSMANMUT-RXN	EC-5.4.2.8
ACETYLORNDEACET-RXN	EC-3.5.1.16
RXN-9951	
BETA-GLUCURONID-RXN	EC-3.2.1.31
RXN0-7219	EC-3.2.1
RXN-15761	EC-3.1.6.21
ORNCARBAMTRANSFER-RXN	EC-2.1.3.3
SUCCARGDIHYDRO-RXN	EC-3.5.3.23
RXN-8315	
ALPHAGALACTOSID-RXN	EC-3.2.1.22
RXN0-2022	
RXN0-901	EC-1.17.1.4
RXN0-2942	EC-3.1.21
RXN-15121	
RXN0-1603	EC-3.6.1.66
RXN-17011	EC-2.3.1.51
N-ACETYLGLUCOSAMINE-KINASE-RXN	EC-2.7.1.59
PEPDEPHOS-RXN	EC-2.7.1.40
ARGSUCCINLYA-RXN	EC-4.3.2.1
PPGPPSYN-RXN	EC-3.1.7.2
ADENOSINE-NUCLEOSIDASE-RXN	EC-3.2.2.7
SAICARSYN-RXN	EC-6.3.2.6
THREDEHYD-RXN	EC-4.3.1.19
CHD-RXN	EC-1.1.99.1
RXN0-7318	EC-1.2.1.19
RXN-16691	
PHOSGLYPHOS-RXN	EC-2.7.2.3
TARTRATE-DEHYDROGENASE-RXN	EC-1.1.1.93
RXN0-7341	EC-2.4.1
BADH-RXN	EC-1.2.1.8
RXN0-2941	EC-3.1.25
RXN-8999	EC-2.5.1.31
RXN-17010	EC-2.3.1.51
PPENTOMUT-RXN	EC-5.4.2.7
RXN-17630	EC-3.5.1.124
RXN-15312	EC-3.1.3.58 // EC-3.1.3.9
CELLULOSE-SYNTHASE-UDP-FORMING-RXN	EC-2.4.1.12
RXN-19629	EC-1.8.4.2
RXN-22957	
TAGAKIN-RXN	EC-2.7.1.144
PSERTRANSAMPYR-RXN	EC-2.6.1.52
GCVMULTI-RXN	EC-1.4.1.27
NMNNUCLEOSID-RXN	EC-3.2.2.14 // EC-3.2.2.6
RXN-17629	
CYTIDEAM-RXN	EC-3.5.4.5
ALCOHOL-DEHYDROG-GENERIC-RXN	EC-1.1.1.1
PSERTRANSAM-RXN	EC-2.6.1.52
CYTDEAM-RXN	EC-3.5.4.1
THYKI-RXN	EC-2.7.1.145 // EC-2.7.1.21
RXN-12894	EC-3.5.1.110
RXN0-7386	EC-1.6.5.2
THTOREDUCT-RXN	EC-1.8.4
RXN0-5260	EC-1.1.5.3
RXN0-384	EC-3.6.1 // EC-3.6.1.9
RXN0-385	EC-3.6.1.9 // EC-3.6.1
RXN0-1081	EC-3.5.4
RXN-17754	
QOR-RXN	EC-1.6.5.5
RXN-17775	EC-1.3.8.8
DARABISOM-RXN	EC-5.3.1.3
TRIPHOSPHATASE-RXN	EC-3.6.1.25
QUERCETIN-23-DIOXYGENASE-RXN	EC-1.13.11.24
OXALODECARB-RXN	EC-4.1.1.112
RXN0-4342	EC-2.7.7.70
RXN-17790	EC-1.1.1.35
DARABKIN-RXN	EC-2.7.1.51
AMINOBUTDEHYDROG-RXN	EC-1.2.1.19
RIBOFLAVIN-SYN-RXN	EC-2.5.1.9
DGTPTRIPHYDRO-RXN	EC-3.1.5.1
RXN0-986	EC-1.14.11.33
UDPGLCNACEPIM-RXN	EC-5.1.3.14
RXN0-5061	EC-2.4.99
RXN0-4361	EC-3.1.3.82
RXN-10040	EC-1.14.13.127
RXN-17791	EC-2.3.1.16
RXN-16649	EC-3.4.16.4
DIHYDROOROT-RXN	EC-3.5.2.3
P-PANTOCYSLIG-RXN	EC-6.3.2.5
UROGENDECARBOX-RXN	EC-4.1.1.37
RIBOFLAVINKIN-RXN	EC-2.7.1.26
PGLUCONDEHYDRAT-RXN	EC-4.2.1.12
RXN0-5123	EC-2.7.1
RXN-18093	
DHBAMPLIG-RXN	
ASPARAGHYD-RXN	EC-3.5.1.38 // EC-3.5.1.1
RXN-11326	EC-2.4.99.15
DTDPKIN-RXN	EC-2.7.4.6
UDPGLUCEPIM-RXN	EC-5.1.3.2
SERINE-O-ACETTRAN-RXN	EC-2.3.1.30
RXN0-5187	EC-3.1.3.102
PHOSPHOGLUCMUT-RXN	EC-5.4.2.2
RXN-18738	EC-1.14.11.33
RXN-11593	EC-2.1.1.178
