fba_id,base_id
1.1.1.271-RXN (reverse),1.1.1.271-RXN
1.11.1.15-RXN,1.11.1.15-RXN
1.13.11.16-RXN,1.13.11.16-RXN
1.97.1.4-A-RXN,1.97.1.4-A-RXN
1PFRUCTPHOSN-RXN,1PFRUCTPHOSN-RXN
2.1.1.79-RXN-CPD-18361/S-ADENOSYLMETHIONINE//CPD-18373/ADENOSYL-HOMO-CYS/PROTON.67.,2.1.1.79-RXN
2.1.1.79-RXN-CPD-18362/S-ADENOSYLMETHIONINE//CPD-18406/ADENOSYL-HOMO-CYS/PROTON.67.,2.1.1.79-RXN
2.1.1.79-RXN-CPD-18367/S-ADENOSYLMETHIONINE//CPD-18371/ADENOSYL-HOMO-CYS/PROTON.67.,2.1.1.79-RXN
2.1.1.79-RXN-CPD-18369/S-ADENOSYLMETHIONINE//CPD-18372/ADENOSYL-HOMO-CYS/PROTON.67.,2.1.1.79-RXN
2.1.1.79-RXN-CPD-18392/S-ADENOSYLMETHIONINE//CPD-18405/ADENOSYL-HOMO-CYS/PROTON.67.,2.1.1.79-RXN
2.1.1.79-RXN-CPD-18403/S-ADENOSYLMETHIONINE//CPD-18404/ADENOSYL-HOMO-CYS/PROTON.67.,2.1.1.79-RXN
2.7.7.61-RXN,2.7.7.61-RXN
2.7.8.25-RXN,2.7.8.25-RXN
2.7.9.3-RXN,2.7.9.3-RXN
2.9.1.1-RXN,2.9.1.1-RXN
3.1.3.68-RXN[CCO-CYTOSOL]-2-DEOXY-D-GLUCOSE-6-PHOSPHATE/WATER//2-DEOXY-D-GLUCOSE/Pi.71.,3.1.3.68-RXN
3.1.3.68-RXN[CCO-CYTOSOL]-2-DEOXY-D-GLUCOSE-6-PHOSPHATE/WATER//2-DEOXY-D-GLUCOSE/Pi.71.__G6932-MONOMER,3.1.3.68-RXN
3.4.17.8-RXN,3.4.17.8-RXN
4.3.1.15-RXN,4.3.1.15-RXN
6-PHOSPHO-BETA-GLUCOSIDASE-RXN,6-PHOSPHO-BETA-GLUCOSIDASE-RXN
6-PHOSPHO-BETA-GLUCOSIDASE-RXN-CPD-15978/WATER//ALPHA-GLC-6-P/ALPHA-GLUCOSE.45.,6-PHOSPHO-BETA-GLUCOSIDASE-RXN
6-PHOSPHO-BETA-GLUCOSIDASE-RXN-CPD-15978/WATER//ALPHA-GLC-6-P/GLC.35.,6-PHOSPHO-BETA-GLUCOSIDASE-RXN
6-PHOSPHO-BETA-GLUCOSIDASE-RXN-CPD-15978/WATER//ALPHA-GLC-6-P/Glucopyranose.45.,6-PHOSPHO-BETA-GLUCOSIDASE-RXN
6-PHOSPHO-BETA-GLUCOSIDASE-RXN-CPD-15978/WATER//D-glucopyranose-6-phosphate/ALPHA-GLUCOSE.59.,6-PHOSPHO-BETA-GLUCOSIDASE-RXN
6-PHOSPHO-BETA-GLUCOSIDASE-RXN-CPD-15978/WATER//D-glucopyranose-6-phosphate/GLC.49.,6-PHOSPHO-BETA-GLUCOSIDASE-RXN
6-PHOSPHO-BETA-GLUCOSIDASE-RXN-CPD-15978/WATER//GLC-6-P/ALPHA-GLUCOSE.39.,6-PHOSPHO-BETA-GLUCOSIDASE-RXN
6-PHOSPHO-BETA-GLUCOSIDASE-RXN-CPD-15978/WATER//GLC-6-P/GLC.29.,6-PHOSPHO-BETA-GLUCOSIDASE-RXN
6-PHOSPHO-BETA-GLUCOSIDASE-RXN-CPD-15978/WATER//GLC-6-P/Glucopyranose.39.,6-PHOSPHO-BETA-GLUCOSIDASE-RXN
6-PHOSPHO-BETA-GLUCOSIDASE-RXN-CPD-507/WATER//ALPHA-GLC-6-P/ALPHA-GLUCOSE.43.,6-PHOSPHO-BETA-GLUCOSIDASE-RXN
6-PHOSPHO-BETA-GLUCOSIDASE-RXN-CPD-507/WATER//ALPHA-GLC-6-P/GLC.33.,6-PHOSPHO-BETA-GLUCOSIDASE-RXN
6-PHOSPHO-BETA-GLUCOSIDASE-RXN-CPD-507/WATER//ALPHA-GLC-6-P/Glucopyranose.43.,6-PHOSPHO-BETA-GLUCOSIDASE-RXN
6-PHOSPHO-BETA-GLUCOSIDASE-RXN-CPD-507/WATER//D-glucopyranose-6-phosphate/ALPHA-GLUCOSE.57.,6-PHOSPHO-BETA-GLUCOSIDASE-RXN
6-PHOSPHO-BETA-GLUCOSIDASE-RXN-CPD-507/WATER//D-glucopyranose-6-phosphate/GLC.47.,6-PHOSPHO-BETA-GLUCOSIDASE-RXN
6-PHOSPHO-BETA-GLUCOSIDASE-RXN-CPD-507/WATER//D-glucopyranose-6-phosphate/Glucopyranose.57.,6-PHOSPHO-BETA-GLUCOSIDASE-RXN
6-PHOSPHO-BETA-GLUCOSIDASE-RXN-CPD-507/WATER//GLC-6-P/ALPHA-GLUCOSE.37.,6-PHOSPHO-BETA-GLUCOSIDASE-RXN
6-PHOSPHO-BETA-GLUCOSIDASE-RXN-CPD-507/WATER//GLC-6-P/GLC.27.,6-PHOSPHO-BETA-GLUCOSIDASE-RXN
6-PHOSPHO-BETA-GLUCOSIDASE-RXN-CPD-507/WATER//GLC-6-P/Glucopyranose.37.,6-PHOSPHO-BETA-GLUCOSIDASE-RXN
ABC-10-RXN,ABC-10-RXN
ABC-11-RXN-ATP/CPD-25891/WATER//ADP/CPD-25891/Pi/PROTON.45.,ABC-11-RXN
ABC-11-RXN-ATP/CPD0-2114/WATER//ADP/CPD0-2114/Pi/PROTON.45.,ABC-11-RXN
ABC-11-RXN-ATP/CPD0-2241/WATER//ADP/CPD0-2241/Pi/PROTON.45.,ABC-11-RXN
ABC-11-RXN-ATP/CPD0-621/WATER//ADP/CPD0-621/Pi/PROTON.43.,ABC-11-RXN
ABC-16-RXN-MALTOSE/ATP/WATER//MALTOSE/ADP/Pi/PROTON.41.,ABC-16-RXN
ABC-18-RXN,ABC-18-RXN
ABC-18-RXN-ATP/ALPHA-D-GALACTOSE/WATER//ADP/ALPHA-D-GALACTOSE/Pi/PROTON.61.,ABC-18-RXN
ABC-18-RXN-ATP/ALPHA-D-GALACTOSE/WATER//ADP/D-galactopyranose/Pi/PROTON.61.,ABC-18-RXN
ABC-18-RXN-ATP/ALPHA-D-GALACTOSE/WATER//ADP/GALACTOSE/Pi/PROTON.53.,ABC-18-RXN
ABC-18-RXN-ATP/D-galactopyranose/WATER//ADP/ALPHA-D-GALACTOSE/Pi/PROTON.61.,ABC-18-RXN
ABC-18-RXN-ATP/D-galactopyranose/WATER//ADP/D-galactopyranose/Pi/PROTON.61.,ABC-18-RXN
ABC-18-RXN-ATP/D-galactopyranose/WATER//ADP/GALACTOSE/Pi/PROTON.53.,ABC-18-RXN
ABC-18-RXN-ATP/GALACTOSE/WATER//ADP/ALPHA-D-GALACTOSE/Pi/PROTON.53.,ABC-18-RXN
ABC-18-RXN-ATP/GALACTOSE/WATER//ADP/D-galactopyranose/Pi/PROTON.53.,ABC-18-RXN
ABC-18-RXN-ATP/GALACTOSE/WATER//ADP/GALACTOSE/Pi/PROTON.45.,ABC-18-RXN
ABC-19-RXN,ABC-19-RXN
ABC-28-RXN,ABC-28-RXN
ABC-28-RXN-ATP/CPD-15829/WATER//ADP/CPD-15829/Pi/PROTON.45.,ABC-28-RXN
ABC-28-RXN-ATP/CPD-15829/WATER//ADP/CPD0-1110/Pi/PROTON.45.,ABC-28-RXN
ABC-28-RXN-ATP/CPD-15829/WATER//ADP/D-Ribopyranose/Pi/PROTON.50.,ABC-28-RXN
ABC-28-RXN-ATP/CPD0-1110/WATER//ADP/CPD-15829/Pi/PROTON.45.,ABC-28-RXN
ABC-28-RXN-ATP/CPD0-1110/WATER//ADP/CPD0-1110/Pi/PROTON.45.,ABC-28-RXN
ABC-28-RXN-ATP/CPD0-1110/WATER//ADP/D-Ribopyranose/Pi/PROTON.50.,ABC-28-RXN
ABC-28-RXN-ATP/D-Ribopyranose/WATER//ADP/CPD-15829/Pi/PROTON.50.,ABC-28-RXN
ABC-28-RXN-ATP/D-Ribopyranose/WATER//ADP/CPD0-1110/Pi/PROTON.50.,ABC-28-RXN
ABC-28-RXN-ATP/D-Ribopyranose/WATER//ADP/D-Ribopyranose/Pi/PROTON.55.,ABC-28-RXN
ABC-32-RXN,ABC-32-RXN
ABC-5-RXN,ABC-5-RXN
ABC-64-RXN,ABC-64-RXN
ABC-9-RXN,ABC-9-RXN
ACETALD-DEHYDROG-RXN,ACETALD-DEHYDROG-RXN
ACETALD-DEHYDROG-RXN (reverse),ACETALD-DEHYDROG-RXN
ACETALD-DEHYDROG-RXN__MHPF-MONOMER,ACETALD-DEHYDROG-RXN
ACETYLESTERASE-RXN-ETHYLACETATE/WATER//ETOH/ACET/PROTON.37.,ACETYLESTERASE-RXN
ACYL-COA-HYDROLASE-RXN,ACYL-COA-HYDROLASE-RXN
ACYLPHOSPHATASE-RXN-ACETYL-P/WATER//ACET/Pi/PROTON.31.,ACYLPHOSPHATASE-RXN
ADPSUGPPHOSPHAT-RXN,ADPSUGPPHOSPHAT-RXN
ALPHAGALACTOSID-RXN,ALPHAGALACTOSID-RXN
ALPHAGALACTOSID-RXN-MELIBIOSE/WATER//ALPHA-D-GALACTOSE/ALPHA-GLUCOSE.49.,ALPHAGALACTOSID-RXN
ALPHAGALACTOSID-RXN-MELIBIOSE/WATER//ALPHA-D-GALACTOSE/GLC.39.,ALPHAGALACTOSID-RXN
ALPHAGALACTOSID-RXN-MELIBIOSE/WATER//ALPHA-D-GALACTOSE/Glucopyranose.49.,ALPHAGALACTOSID-RXN
ALPHAGALACTOSID-RXN-MELIBIOSE/WATER//D-galactopyranose/ALPHA-GLUCOSE.49.,ALPHAGALACTOSID-RXN
ALPHAGALACTOSID-RXN-MELIBIOSE/WATER//D-galactopyranose/GLC.39.,ALPHAGALACTOSID-RXN
ALPHAGALACTOSID-RXN-MELIBIOSE/WATER//GALACTOSE/ALPHA-GLUCOSE.41.,ALPHAGALACTOSID-RXN
ALPHAGALACTOSID-RXN-MELIBIOSE/WATER//GALACTOSE/GLC.31.,ALPHAGALACTOSID-RXN
ALPHAGALACTOSID-RXN-MELIBIOSE/WATER//GALACTOSE/Glucopyranose.41.,ALPHAGALACTOSID-RXN
ARGDECARBOX-RXN[CCO-PERI-BAC]-ARG/PROTON//CARBON-DIOXIDE/AGMATHINE.51.,ARGDECARBOX-RXN
BETA-GLUCURONID-RXN,BETA-GLUCURONID-RXN
BETA-LACTAMASE-RXN[CCO-PERI-BAC]-Beta-Lactams/WATER//CPD-8550/PROTON.50.,BETA-LACTAMASE-RXN
BETAGALACTOSID-RXN[CCI-PERI-BAC-GN]-Alpha-lactose/WATER//GALACTOSE/ALPHA-GLUCOSE.62.,BETAGALACTOSID-RXN
BETAGALACTOSID-RXN[CCI-PERI-BAC-GN]-Alpha-lactose/WATER//GALACTOSE/GLC.52.,BETAGALACTOSID-RXN
BETAGALACTOSID-RXN[CCI-PERI-BAC-GN]-Alpha-lactose/WATER//GALACTOSE/Glucopyranose.62.,BETAGALACTOSID-RXN
BETAGALACTOSID-RXN[CCI-PERI-BAC-GN]-CPD-15972/WATER//GALACTOSE/ALPHA-GLUCOSE.58.,BETAGALACTOSID-RXN
BETAGALACTOSID-RXN[CCI-PERI-BAC-GN]-CPD-15972/WATER//GALACTOSE/GLC.48.,BETAGALACTOSID-RXN
BETAGALACTOSID-RXN[CCI-PERI-BAC-GN]-CPD-15972/WATER//GALACTOSE/Glucopyranose.58.,BETAGALACTOSID-RXN
BTUR2-RXN,BTUR2-RXN
CARBOXYLATE-REDUCTASE-RXN,CARBOXYLATE-REDUCTASE-RXN
CARNDETRU-RXN,CARNDETRU-RXN
CARNDETRU-RXN (reverse),CARNDETRU-RXN
COBALADENOSYLTRANS-RXN,COBALADENOSYLTRANS-RXN
CROBETREDUCT-RXN (reverse),CROBETREDUCT-RXN
DEHYDDEOXGALACTKIN-RXN,DEHYDDEOXGALACTKIN-RXN
DIENOYLCOAREDUCT-RXN (reverse),DIENOYLCOAREDUCT-RXN
FCLEPIM-RXN,FCLEPIM-RXN
FCLREDUCT-RXN (reverse),FCLREDUCT-RXN
GALACTARDEHYDRA-RXN,GALACTARDEHYDRA-RXN
GALACTONDEHYDRAT-RXN,GALACTONDEHYDRAT-RXN
GDP-GLUCOSIDASE-RXN,GDP-GLUCOSIDASE-RXN
GDP-GLUCOSIDASE-RXN-GDP-D-GLUCOSE/WATER//GDP/ALPHA-GLUCOSE/PROTON.46.,GDP-GLUCOSIDASE-RXN
GDP-GLUCOSIDASE-RXN-GDP-D-GLUCOSE/WATER//GDP/GLC/PROTON.36.,GDP-GLUCOSIDASE-RXN
GDPMANDEHYDRA-RXN,GDPMANDEHYDRA-RXN
GDPMANMANHYDRO-RXN,GDPMANMANHYDRO-RXN
GDPMANMANHYDRO-RXN-GDP-MANNOSE/WATER//CPD-12601/GDP/PROTON.40.,GDPMANMANHYDRO-RXN
GDPMANMANHYDRO-RXN-GDP-MANNOSE/WATER//CPD-13559/GDP/PROTON.40.,GDPMANMANHYDRO-RXN
GDPMANMANHYDRO-RXN-GDP-MANNOSE/WATER//CPD-15373/GDP/PROTON.40.,GDPMANMANHYDRO-RXN
GLCNACPTRANS-RXN,GLCNACPTRANS-RXN
GLUCARDEHYDRA-RXN,GLUCARDEHYDRA-RXN
GLUCOSAMINE-6-P-DEAMIN-RXN,GLUCOSAMINE-6-P-DEAMIN-RXN
GLUCOSAMINE-6-P-DEAMIN-RXN (reverse),GLUCOSAMINE-6-P-DEAMIN-RXN
GLUCOSAMINE-6-P-DEAMIN-RXN-CPD-13469/WATER//AMMONIUM/FRUCTOSE-6P.38.,GLUCOSAMINE-6-P-DEAMIN-RXN
GLUCOSE-1-PHOSPHAT-RXN[CCO-PERI-BAC]-GLC-1-P/WATER//ALPHA-GLUCOSE/Pi.46.,GLUCOSE-1-PHOSPHAT-RXN
GLUCOSE-1-PHOSPHAT-RXN[CCO-PERI-BAC]-GLC-1-P/WATER//ALPHA-GLUCOSE/Pi.46.__GLUCOSE-1-PHOSPHAT-CPLX,GLUCOSE-1-PHOSPHAT-RXN
GLUCOSE-1-PHOSPHAT-RXN[CCO-PERI-BAC]-GLC-1-P/WATER//GLC/Pi.36.,GLUCOSE-1-PHOSPHAT-RXN
GLUCOSE-1-PHOSPHAT-RXN[CCO-PERI-BAC]-GLC-1-P/WATER//GLC/Pi.36.__GLUCOSE-1-PHOSPHAT-CPLX,GLUCOSE-1-PHOSPHAT-RXN
GLUCOSE-1-PHOSPHAT-RXN[CCO-PERI-BAC]-GLC-1-P/WATER//Glucopyranose/Pi.46.,GLUCOSE-1-PHOSPHAT-RXN
GLUCOSE-1-PHOSPHAT-RXN[CCO-PERI-BAC]-GLC-1-P/WATER//Glucopyranose/Pi.46.__GLUCOSE-1-PHOSPHAT-CPLX,GLUCOSE-1-PHOSPHAT-RXN
GLYCEROL-2-PHOSPHATASE-RXN[CCO-CYTOSOL]-CPD-536/WATER//GLYCEROL/Pi.40.,GLYCEROL-2-PHOSPHATASE-RXN
GPH-RXN[CCO-CYTOSOL]-CPD-67/WATER//GLYCOLLATE/Pi.41.,GPH-RXN
GPH-RXN[CCO-PERI-BAC]-CPD-67/WATER//GLYCOLLATE/Pi.42.,GPH-RXN
GPH-RXN[CCO-PERI-BAC]-CPD-67/WATER//GLYCOLLATE/Pi.42.__GPH-MONOMER,GPH-RXN
HCAMULTI-RXN,HCAMULTI-RXN
HYDROXYLAMINE-REDUCTASE-RXN (reverse),HYDROXYLAMINE-REDUCTASE-RXN
ISOCIT-CLEAV-RXN (reverse),ISOCIT-CLEAV-RXN
LCARNCOALIG-RXN,LCARNCOALIG-RXN
MANNITOL-1-PHOSPHATASE-RXN,MANNITOL-1-PHOSPHATASE-RXN
MERCAPYSTRANS-RXN,MERCAPYSTRANS-RXN
MERCAPYSTRANS-RXN-3-MERCAPTO-PYRUVATE/Red-thioredoxins-1//PYRUVATE/HS/Ox-thioredoxins-1.70.,MERCAPYSTRANS-RXN
MERCAPYSTRANS-RXN-3-MERCAPTO-PYRUVATE/Reduced-CcmG-Proteins//PYRUVATE/HS/Oxidized-CcmG-Proteins.78.,MERCAPYSTRANS-RXN
MERCAPYSTRANS-RXN-3-MERCAPTO-PYRUVATE/Reduced-CcmH-Proteins//PYRUVATE/HS/Oxidized-CcmH-Proteins.78.,MERCAPYSTRANS-RXN
MHPCHYDROL-RXN,MHPCHYDROL-RXN
MHPHYDROXY-RXN,MHPHYDROXY-RXN
PALMITOYL-COA-HYDROLASE-RXN,PALMITOYL-COA-HYDROLASE-RXN
PHENPRODIOLDEHYDROG-RXN,PHENPRODIOLDEHYDROG-RXN
PRODISULFREDUCT-RXN,PRODISULFREDUCT-RXN
PRODISULFREDUCT-RXN-MONOMER0-4152/GLUTATHIONE//OXIDIZED-GLUTATHIONE/DISULFOXRED-MONOMER.68.,PRODISULFREDUCT-RXN
PROTOHEMEFERROCHELAT-RXN[CCO-CYTOSOL]-PROTOHEME/PROTON//PROTOPORPHYRIN_IX/FE+2.54.,PROTOHEMEFERROCHELAT-RXN
PSEUDOURIDINE-KINASE-RXN,PSEUDOURIDINE-KINASE-RXN
R4-RXN-BUTYL-HYDROPEROXIDE/NADH/PROTON//BUTANOL/NAD/WATER.51.,R4-RXN
R524-RXN,R524-RXN
R621-RXN-NITRIC-OXIDE/NADH/OXYGEN-MOLECULE//NITRATE/NAD/PROTON.54.,R621-RXN
R621-RXN-NITRIC-OXIDE/NADPH/OXYGEN-MOLECULE//NITRATE/NADP/PROTON.56.,R621-RXN
RIBOKIN-RXN,RIBOKIN-RXN
RIBOKIN-RXN-CPD-10330/ATP//CPD-15317/ADP/PROTON.36.,RIBOKIN-RXN
RIBOKIN-RXN-CPD-10330/ATP//CPD-15318/ADP/PROTON.36.,RIBOKIN-RXN
RIBOKIN-RXN-CPD-10330/ATP//CPD-16551/ADP/PROTON.36.,RIBOKIN-RXN
RIBOKIN-RXN-CPD0-1108/ATP//CPD-15317/ADP/PROTON.36.,RIBOKIN-RXN
RIBOKIN-RXN-CPD0-1108/ATP//CPD-15318/ADP/PROTON.36.,RIBOKIN-RXN
RIBOKIN-RXN-CPD0-1108/ATP//CPD-16551/ADP/PROTON.36.,RIBOKIN-RXN
RIBOKIN-RXN-D-Ribofuranose/ATP//CPD-15318/ADP/PROTON.41.,RIBOKIN-RXN
RIBOKIN-RXN-D-Ribofuranose/ATP//CPD-16551/ADP/PROTON.41.,RIBOKIN-RXN
RXN-10040,RXN-10040
RXN-11361,RXN-11361
RXN-11396,RXN-11396
RXN-11397,RXN-11397
RXN-11776,RXN-11776
RXN-12070,RXN-12070
RXN-12071,RXN-12071
RXN-12072,RXN-12072
RXN-12073,RXN-12073
RXN-12093,RXN-12093
RXN-12402,RXN-12402
RXN-12402-CPD0-1202/WATER//ALPHA-GLUCOSE/CPD-25028.41.,RXN-12402
RXN-12402-CPD0-1202/WATER//GLC/CPD-25028.31.,RXN-12402
RXN-12816,RXN-12816
RXN-12886,RXN-12886
RXN-12896,RXN-12896
RXN-13548,RXN-13548
RXN-14002,RXN-14002
RXN-14064,RXN-14064
RXN-14090[CCO-PERI-BAC]-CPD-3711/WATER//CYTIDINE/Pi.42.,RXN-14090
RXN-14090[CCO-PERI-BAC]-CPD-3711/WATER//CYTIDINE/Pi.42.__APHA-CPLX,RXN-14090
RXN-14091,RXN-14091
RXN-14107-Cytochromes-C-Oxidized/REDUCED-MENAQUINONE/PROTON//Cytochromes-C-Reduced/CPD-9728/PROTON.89.,RXN-14107
RXN-14107-Cytochromes-C550-Ox/REDUCED-MENAQUINONE/PROTON//Cytochromes-C550-Red/CPD-9728/PROTON.85.,RXN-14107
RXN-14107-Cytochromes-C552-Ox/REDUCED-MENAQUINONE/PROTON//Cytochromes-C552-Red/CPD-9728/PROTON.85.,RXN-14107
RXN-14107-Cytochromes-C554-Ox/REDUCED-MENAQUINONE/PROTON//Cytochromes-C554-Red/CPD-9728/PROTON.85.,RXN-14107
RXN-14107-Cytochromes-CL-Ox/REDUCED-MENAQUINONE/PROTON//Cytochromes-CL-Red/CPD-9728/PROTON.81.,RXN-14107
RXN-14107-Oxidized-NapC-proteins/REDUCED-MENAQUINONE/PROTON//Reduced-NapC-proteins/CPD-9728/PROTON.89.,RXN-14107
RXN-14107-Oxidized-cytochromes-c2/REDUCED-MENAQUINONE/PROTON//Reduced-cytochromes-c2/CPD-9728/PROTON.91.,RXN-14107
RXN-14107-Oxidized-cytochromes-c553/REDUCED-MENAQUINONE/PROTON//Reduced-cytochromes-c553/CPD-9728/PROTON.95.,RXN-14107
RXN-14107-an-oxidized-NrfB-protein/REDUCED-MENAQUINONE/PROTON//a-reduced-NrfB-protein/CPD-9728/PROTON.92.,RXN-14107
RXN-14107-an-oxidized-TorC-protein/REDUCED-MENAQUINONE/PROTON//a-reduced-TorC-protein/CPD-9728/PROTON.92.,RXN-14107
RXN-14107-an-oxidized-TorY-protein/REDUCED-MENAQUINONE/PROTON//A-REDUCED-TORY-PROTEIN/CPD-9728/PROTON.92.,RXN-14107
RXN-14112,RXN-14112
RXN-14113,RXN-14113
RXN-14115,RXN-14115
RXN-14124,RXN-14124
RXN-14126[CCO-PERI-BAC]-CPD-3706/WATER//ADENOSINE/Pi.43.,RXN-14126
RXN-14126[CCO-PERI-BAC]-CPD-3706/WATER//ADENOSINE/Pi.43.__APHA-CPLX,RXN-14126
RXN-14188,RXN-14188
RXN-14251,RXN-14251
RXN-14255,RXN-14255
RXN-14381,RXN-14381
RXN-14381 (reverse),RXN-14381
RXN-14722,RXN-14722
RXN-14722-CPD-13211/WATER//P-NITROPHENOL/ALPHA-GLUCOSE/PROTON.52.,RXN-14722
RXN-14722-CPD-13211/WATER//P-NITROPHENOL/GLC/PROTON.42.,RXN-14722
RXN-16420,RXN-16420
RXN-16456,RXN-16456
RXN-16457,RXN-16457
RXN-16649[CCI-PERI-BAC-GN]-CPD-17927/WATER//CPD-17926/D-ALANINE.54.,RXN-16649
RXN-16649[CCO-PERI-BAC]-CPD-17927/WATER//CPD-17926/D-ALANINE.51.,RXN-16649
RXN-16659,RXN-16659
RXN-16660,RXN-16660
RXN-16788,RXN-16788
RXN-16937,RXN-16937
RXN-17354,RXN-17354
RXN-17355,RXN-17355
RXN-17754,RXN-17754
RXN-17755,RXN-17755
RXN-17809,RXN-17809
RXN-17954,RXN-17954
RXN-17955,RXN-17955
RXN-17956,RXN-17956
RXN-18584-Oxidized-NapC-proteins/CPD-9956//Reduced-NapC-proteins/UBIQUINONE-8/PROTON.75.,RXN-18584
RXN-18586,RXN-18586
RXN-18586-SULFO-CYSTEINE/Reduced-NrdH-Proteins//CYS/SO3/Oxidized-NrdH-Proteins/PROTON.76.,RXN-18586
RXN-18604-an-oxidized-NrfB-protein/REDUCED-MENAQUINONE//a-reduced-NrfB-protein/CPD-9728/PROTON.85.,RXN-18604
RXN-18702,RXN-18702
RXN-18703,RXN-18703
RXN-19033,RXN-19033
RXN-19249,RXN-19249
RXN-19253,RXN-19253
RXN-19256,RXN-19256
RXN-19311,RXN-19311
RXN-19312-CPD-8353/WATER//PALMITATE/L-1-GLYCEROPHOSPHORYLETHANOL-AMINE/PROTON.68.,RXN-19312
RXN-19312-CPD0-2147/WATER//CPD-7836/L-1-GLYCEROPHOSPHORYLETHANOL-AMINE/PROTON.68.,RXN-19312
RXN-19312-CPD0-2148/WATER//DODECANOATE/L-1-GLYCEROPHOSPHORYLETHANOL-AMINE/PROTON.71.,RXN-19312
RXN-19312-CPD0-2152/WATER//STEARIC_ACID/L-1-GLYCEROPHOSPHORYLETHANOL-AMINE/PROTON.72.,RXN-19312
RXN-19342,RXN-19342
RXN-19343,RXN-19343
RXN-19492,RXN-19492
RXN-19492 (reverse),RXN-19492
RXN-19618 (reverse),RXN-19618
RXN-19619 (reverse),RXN-19619
RXN-19629,RXN-19629
RXN-19953-Reduced-Cys2-Peroxiredoxins/BUTYL-HYDROPEROXIDE//2Cys-Peroxiredoxins-With-HydroxyCys/BUTANOL.93.,RXN-19953
RXN-19954,RXN-19954
RXN-20148-CPD-9956/OXYGEN-MOLECULE//SUPER-OXIDE/UBIQUINONE-8/PROTON.58. (reverse),RXN-20148
RXN-20161-Ox-Thioredoxin/a-reduced-DsbD-protein//Red-Thioredoxin/an-oxidized-DsbD-protein.80. (reverse),RXN-20161
RXN-20161-Ox-thioredoxins-1/a-reduced-DsbD-protein//Red-thioredoxins-1/an-oxidized-DsbD-protein.86. (reverse),RXN-20161
RXN-20161-Oxidized-CcmG-Proteins/a-reduced-DsbD-protein//Reduced-CcmG-Proteins/an-oxidized-DsbD-protein.94. (reverse),RXN-20161
RXN-20161-Oxidized-CcmH-Proteins/a-reduced-DsbD-protein//Reduced-CcmH-Proteins/an-oxidized-DsbD-protein.94. (reverse),RXN-20161
RXN-20691 (reverse),RXN-20691
RXN-20692,RXN-20692
RXN-20707,RXN-20707
RXN-20708,RXN-20708
RXN-21407,RXN-21407
RXN-21408,RXN-21408
RXN-21421 (reverse),RXN-21421
RXN-21422 (reverse),RXN-21422
RXN-21423,RXN-21423
RXN-21424,RXN-21424
RXN-21425,RXN-21425
RXN-21532,RXN-21532
RXN-21532 (reverse),RXN-21532
RXN-21532-CPD-23428//DIHYDROXY-ACETONE-PHOSPHATE/CPD-23427.49.,RXN-21532
RXN-21532-CPD-23428//DIHYDROXY-ACETONE-PHOSPHATE/CPD-23427.49. (reverse),RXN-21532
RXN-21563,RXN-21563
RXN-21601,RXN-21601
RXN-22001 (reverse),RXN-22001
RXN-22214,RXN-22214
RXN-22216,RXN-22216
RXN-22217,RXN-22217
RXN-22443,RXN-22443
RXN-22510,RXN-22510
RXN-23965,RXN-23965
RXN-24141,RXN-24141
RXN-24142,RXN-24142
RXN-24143,RXN-24143
RXN-24169,RXN-24169
RXN-24169-CPD-9115/WATER//CPD-258/ALPHA-D-GALACTOSE/PROTON.49.,RXN-24169
RXN-24169-CPD-9115/WATER//CPD-258/GALACTOSE/PROTON.41.,RXN-24169
RXN-24170,RXN-24170
RXN-24170-CPD-21655/WATER//CPD-258/ALPHA-GLUCOSE/PROTON.46.,RXN-24170
RXN-24170-CPD-21655/WATER//CPD-258/GLC/PROTON.36.,RXN-24170
RXN-7253,RXN-7253
RXN-8340,RXN-8340
RXN-8342,RXN-8342
RXN-8344,RXN-8344
RXN-8770,RXN-8770
RXN-8974 (reverse),RXN-8974
RXN-9510 (reverse),RXN-9510
RXN-9590,RXN-9590
RXN-9590 (reverse),RXN-9590
RXN-9628,RXN-9628
RXN0-1001,RXN0-1001
RXN0-1565,RXN0-1565
RXN0-1682,RXN0-1682
RXN0-1684,RXN0-1684
RXN0-1701,RXN0-1701
RXN0-1702,RXN0-1702
RXN0-1721,RXN0-1721
RXN0-1741-MALTOSE//MALTOSE.17.,RXN0-1741
RXN0-1981,RXN0-1981
RXN0-2061,RXN0-2061
RXN0-2162,RXN0-2162
RXN0-2441,RXN0-2441
RXN0-2461,RXN0-2461
RXN0-262,RXN0-262
RXN0-2721,RXN0-2721
RXN0-307 (reverse),RXN0-307
RXN0-313 (reverse),RXN0-313
RXN0-313__CPLX0-201 (reverse),RXN0-313
RXN0-3461,RXN0-3461
RXN0-3501-NITRATE/REDUCED-MENAQUINONE/PROTON//NITRITE/CPD-9728/WATER/PROTON.66.,RXN0-3501
RXN0-3601,RXN0-3601
RXN0-4022 (reverse),RXN0-4022
RXN0-4181,RXN0-4181
RXN0-4621,RXN0-4621
RXN0-5052,RXN0-5052
RXN0-5111,RXN0-5111
RXN0-5186,RXN0-5186
RXN0-5186__G7408-MONOMER,RXN0-5186
RXN0-5214,RXN0-5214
RXN0-5222,RXN0-5222
RXN0-5225,RXN0-5225
RXN0-5226,RXN0-5226
RXN0-5226-CPD0-1081/WATER//N-ACETYL-BETA-D-GLUCOSAMINE/CPD0-882.54.,RXN0-5226
RXN0-5227[CCO-CYTOSOL]-CPD0-1082/WATER//L-ALA-GAMMA-D-GLU-DAP/D-ALANINE.62.,RXN0-5227
RXN0-5229,RXN0-5229
RXN0-5256-CPD-9728/PROTON/HYDROGEN-MOLECULE//REDUCED-MENAQUINONE/PROTON.62.,RXN0-5256
RXN0-5264-TRIMETHYLAMINE-N-O/REDUCED-MENAQUINONE/PROTON//TRIMETHYLAMINE/CPD-9728/WATER.77.,RXN0-5264
RXN0-5294,RXN0-5294
RXN0-5295,RXN0-5295
RXN0-5297,RXN0-5297
RXN0-5359,RXN0-5359
RXN0-5390,RXN0-5390
RXN0-5390__G6244-MONOMER,RXN0-5390
RXN0-5401,RXN0-5401
RXN0-5407,RXN0-5407
RXN0-5408,RXN0-5408
RXN0-5462[CCO-CYTOSOL]-GTP/WATER//GDP/Pi/PROTON.38.,RXN0-5462
RXN0-5462[CCO-CYTOSOL]-GTP/WATER//GDP/Pi/PROTON.38.__CPLX0-3561,RXN0-5462
RXN0-5462[CCO-CYTOSOL]-GTP/WATER//GDP/Pi/PROTON.38.__EG10021-MONOMER,RXN0-5462
RXN0-5462[CCO-CYTOSOL]-GTP/WATER//GDP/Pi/PROTON.38.__EG12104-MONOMER,RXN0-5462
RXN0-5462[CCO-CYTOSOL]-GTP/WATER//GDP/Pi/PROTON.38.__G7841-MONOMER,RXN0-5462
RXN0-5468,RXN0-5468
RXN0-5468-Red-thioredoxins-1/Cys2-Peroxiredoxin-Disulfide//Ox-thioredoxins-1/Reduced-Cys2-Peroxiredoxins.95.,RXN0-5468
RXN0-5468-Reduced-CcmG-Proteins/Cys2-Peroxiredoxin-Disulfide//Oxidized-CcmG-Proteins/Reduced-Cys2-Peroxiredoxins.103.,RXN0-5468
RXN0-5468-Reduced-CcmH-Proteins/Cys2-Peroxiredoxin-Disulfide//Oxidized-CcmH-Proteins/Reduced-Cys2-Peroxiredoxins.103.,RXN0-5468
RXN0-5507,RXN0-5507
RXN0-6254,RXN0-6254
RXN0-6373-ALPHA-GLUCOSE/UBIQUINONE-8//GLC-D-LACTONE/CPD-9956.51.,RXN0-6373
RXN0-6373-GLC/UBIQUINONE-8//GLC-D-LACTONE/CPD-9956.41.,RXN0-6373
RXN0-6373-Glucopyranose/UBIQUINONE-8//GLC-D-LACTONE/CPD-9956.51.,RXN0-6373
RXN0-6444,RXN0-6444
RXN0-6452,RXN0-6452
RXN0-6460,RXN0-6460
RXN0-6676,RXN0-6676
RXN0-6677,RXN0-6677
RXN0-6710,RXN0-6710
RXN0-6725-CPD-12818/WATER//STEARIC_ACID/CPD0-2152/PROTON.47.,RXN0-6725
RXN0-6732,RXN0-6732
RXN0-6732__CPLX0-7958,RXN0-6732
RXN0-6733,RXN0-6733
RXN0-6734,RXN0-6734
RXN0-6952,RXN0-6952
RXN0-6957,RXN0-6957
RXN0-6994,RXN0-6994
RXN0-7024,RXN0-7024
RXN0-7046,RXN0-7046
RXN0-7103,RXN0-7103
RXN0-7105,RXN0-7105
RXN0-7124-NITRATE/CPD-9956/PROTON//NITRITE/UBIQUINONE-8/PROTON/WATER.59.,RXN0-7124
RXN0-7271,RXN0-7271
RXN0-7271-MONOMER0-4152/Red-Glutaredoxins//DISULFOXRED-MONOMER/Ox-Glutaredoxins.70.,RXN0-7271
RXN0-7271-MONOMER0-4152/Reduced-NrdH-Proteins//DISULFOXRED-MONOMER/Oxidized-NrdH-Proteins.80.,RXN0-7271
RXN0-7271-Protein-Ox-Disulfides/Reduced-NrdH-Proteins//Protein-Red-Disulfides/Oxidized-NrdH-Proteins.91.,RXN0-7271
RXN0-7291,RXN0-7291
RXN0-7298,RXN0-7298
RXN0-7311-a-reduced-DsbD-protein/Ox-thioredoxins-1//an-oxidized-DsbD-protein/Red-thioredoxins-1.86. (reverse),RXN0-7311
RXN0-7342,RXN0-7342
RXN0-7343,RXN0-7343
RXN0-7344,RXN0-7344
RXN0-7345,RXN0-7345
RXN0-7385-CPD-3766/NADPH/PROTON//MENADIOL/NADP.37.,RXN0-7385
RXN0-7385-CPD-7248/NADPH/PROTON//CPD-7249/NADP.37.,RXN0-7385
RXN0-7385-CPD-9728/NADPH/PROTON//REDUCED-MENAQUINONE/NADP.48.,RXN0-7385
RXN0-7385-CPD0-1118/NADPH/PROTON//CPD0-2061/NADP.39.,RXN0-7385
RXN0-7385-DEMETHYLMENAQUINONE/NADPH/PROTON//CPD-12115/NADP.49.,RXN0-7385
RXN0-7385-UBIQUINONE-8/NADPH/PROTON//CPD-9956/NADP.41.,RXN0-7385
RXN0-7392,RXN0-7392
RXN0-7392-CPD0-2705/WATER//CPD-13469/N-ACETYL-BETA-D-GLUCOSAMINE.55.,RXN0-7392
RXN0-7392-CPD0-2705/WATER//CPD-13469/N-acetyl-D-glucosamine.50.,RXN0-7392
RXN0-7392-CPD0-2705/WATER//D-GLUCOSAMINE-6-P/N-ACETYL-BETA-D-GLUCOSAMINE.63.,RXN0-7392
RXN0-7399-CPD-9728/PROTON/HYDROGEN-MOLECULE//REDUCED-MENAQUINONE/PROTON.62.,RXN0-7399
RXN0-7454,RXN0-7454
RXN66-448 (reverse),RXN66-448
SORBITOL-6-PHOSPHATASE-RXN,SORBITOL-6-PHOSPHATASE-RXN
SUPEROX-DISMUT-RXN[CCO-CYTOSOL]-SUPER-OXIDE/PROTON//HYDROGEN-PEROXIDE/OXYGEN-MOLECULE.67.,SUPEROX-DISMUT-RXN
TDCEACT1-RXN,TDCEACT1-RXN
TDPFUCACTRANS-RXN,TDPFUCACTRANS-RXN
THIAZOLSYN3-RXN,THIAZOLSYN3-RXN
THIKIN-RXN,THIKIN-RXN
THIOSULFATE-SULFURTRANSFERASE-RXN[CCO-CYTOSOL]-S2O3/HCN//HSCN/SO3/PROTON.39.,THIOSULFATE-SULFURTRANSFERASE-RXN
THIOSULFATE-SULFURTRANSFERASE-RXN[CCO-CYTOSOL]-S2O3/HCN//HSCN/SO3/PROTON.39.__CPLX0-242,THIOSULFATE-SULFURTRANSFERASE-RXN
THIOSULFATE-SULFURTRANSFERASE-RXN[CCO-PERI-BAC]-S2O3/HCN//HSCN/SO3/PROTON.40.,THIOSULFATE-SULFURTRANSFERASE-RXN
TRANS-RXN-1,TRANS-RXN-1
TRANS-RXN-1 (reverse),TRANS-RXN-1
TRANS-RXN-100,TRANS-RXN-100
TRANS-RXN-106,TRANS-RXN-106
TRANS-RXN-113,TRANS-RXN-113
TRANS-RXN-116,TRANS-RXN-116
TRANS-RXN-117,TRANS-RXN-117
TRANS-RXN-122,TRANS-RXN-122
TRANS-RXN-127,TRANS-RXN-127
TRANS-RXN-127 (reverse),TRANS-RXN-127
TRANS-RXN-14,TRANS-RXN-14
TRANS-RXN-153,TRANS-RXN-153
TRANS-RXN-153 (reverse),TRANS-RXN-153
TRANS-RXN-153A,TRANS-RXN-153A
TRANS-RXN-155,TRANS-RXN-155
TRANS-RXN-155B,TRANS-RXN-155B
TRANS-RXN-156,TRANS-RXN-156
TRANS-RXN-158,TRANS-RXN-158
TRANS-RXN-158-BETA-D-FRUCTOSE/PTSI-PHOSPHORYLATED//CPD-16154/PTSI-MONOMER.60.,TRANS-RXN-158
TRANS-RXN-158-BETA-D-FRUCTOSE/PTSI-PHOSPHORYLATED//D-fructofuranose-1-phosphate/PTSI-MONOMER.79.,TRANS-RXN-158
TRANS-RXN-158-BETA-D-FRUCTOSE/PTSI-PHOSPHORYLATED//FRU1P/PTSI-MONOMER.56.,TRANS-RXN-158
TRANS-RXN-158-CPD-10723/PTSI-PHOSPHORYLATED//CPD-16154/PTSI-MONOMER.54.,TRANS-RXN-158
TRANS-RXN-158-CPD-10723/PTSI-PHOSPHORYLATED//D-fructofuranose-1-phosphate/PTSI-MONOMER.73.,TRANS-RXN-158
TRANS-RXN-158-CPD-10723/PTSI-PHOSPHORYLATED//FRU1P/PTSI-MONOMER.50.,TRANS-RXN-158
TRANS-RXN-158-Fructofuranose/PTSI-PHOSPHORYLATED//CPD-16154/PTSI-MONOMER.59.,TRANS-RXN-158
TRANS-RXN-158-Fructofuranose/PTSI-PHOSPHORYLATED//D-fructofuranose-1-phosphate/PTSI-MONOMER.78.,TRANS-RXN-158
TRANS-RXN-158-Fructofuranose/PTSI-PHOSPHORYLATED//FRU1P/PTSI-MONOMER.55.,TRANS-RXN-158
TRANS-RXN-16,TRANS-RXN-16
TRANS-RXN-167-Hpr-pi-phospho-L-histidines/N-ACETYL-BETA-D-GLUCOSAMINE//Hpr-Histidine/CPD-16168.81.,TRANS-RXN-167
TRANS-RXN-167-Hpr-pi-phospho-L-histidines/N-ACETYL-BETA-D-GLUCOSAMINE//Hpr-Histidine/N-ACETYL-D-GLUCOSAMINE-6-P.98.,TRANS-RXN-167
TRANS-RXN-167-Hpr-pi-phospho-L-histidines/N-acetyl-D-glucosamine//Hpr-Histidine/CPD-16168.76.,TRANS-RXN-167
TRANS-RXN-167-Hpr-pi-phospho-L-histidines/N-acetyl-D-glucosamine//Hpr-Histidine/N-ACETYL-D-GLUCOSAMINE-6-P.93.,TRANS-RXN-167
TRANS-RXN-167A-Hpr-pi-phospho-L-histidines/CPD-12538//CPD-13469/Hpr-Histidine.63.,TRANS-RXN-167A
TRANS-RXN-167A-Hpr-pi-phospho-L-histidines/CPD-12538//D-GLUCOSAMINE-6-P/Hpr-Histidine.71.,TRANS-RXN-167A
TRANS-RXN-167A-Hpr-pi-phospho-L-histidines/CPD-12539//CPD-13469/Hpr-Histidine.63.,TRANS-RXN-167A
TRANS-RXN-167A-Hpr-pi-phospho-L-histidines/CPD-12539//D-GLUCOSAMINE-6-P/Hpr-Histidine.71.,TRANS-RXN-167A
TRANS-RXN-167A-Hpr-pi-phospho-L-histidines/GLUCOSAMINE//CPD-13469/Hpr-Histidine.65.,TRANS-RXN-167A
TRANS-RXN-167A-Hpr-pi-phospho-L-histidines/GLUCOSAMINE//D-GLUCOSAMINE-6-P/Hpr-Histidine.73.,TRANS-RXN-167A
TRANS-RXN-168,TRANS-RXN-168
TRANS-RXN-169,TRANS-RXN-169
TRANS-RXN-181A,TRANS-RXN-181A
TRANS-RXN-22,TRANS-RXN-22
TRANS-RXN-23,TRANS-RXN-23
TRANS-RXN-242,TRANS-RXN-242
TRANS-RXN-242A,TRANS-RXN-242A
TRANS-RXN-27,TRANS-RXN-27
TRANS-RXN-283,TRANS-RXN-283
TRANS-RXN-294,TRANS-RXN-294
TRANS-RXN-295-CPD-8363//CPD-8363.19.,TRANS-RXN-295
TRANS-RXN-295-CPD0-2134//CPD0-2134.21.,TRANS-RXN-295
TRANS-RXN-295-CPD0-2173//CPD0-2173.21.,TRANS-RXN-295
TRANS-RXN-295-CPD0-2207//CPD0-2207.21.,TRANS-RXN-295
TRANS-RXN-295-CPD0-2229//CPD0-2229.21.,TRANS-RXN-295
TRANS-RXN-296,TRANS-RXN-296
TRANS-RXN-297,TRANS-RXN-297
TRANS-RXN-298,TRANS-RXN-298
TRANS-RXN-299,TRANS-RXN-299
TRANS-RXN-300,TRANS-RXN-300
TRANS-RXN-325,TRANS-RXN-325
TRANS-RXN-33,TRANS-RXN-33
TRANS-RXN-33-ALPHA-GLC-6-P/Pi//ALPHA-GLC-6-P/Pi.35.,TRANS-RXN-33
TRANS-RXN-33-ALPHA-GLC-6-P/Pi//D-glucopyranose-6-phosphate/Pi.49.,TRANS-RXN-33
TRANS-RXN-33-ALPHA-GLC-6-P/Pi//GLC-6-P/Pi.29.,TRANS-RXN-33
TRANS-RXN-33-D-glucopyranose-6-phosphate/Pi//ALPHA-GLC-6-P/Pi.49.,TRANS-RXN-33
TRANS-RXN-33-D-glucopyranose-6-phosphate/Pi//D-glucopyranose-6-phosphate/Pi.63.,TRANS-RXN-33
TRANS-RXN-33-D-glucopyranose-6-phosphate/Pi//GLC-6-P/Pi.43.,TRANS-RXN-33
TRANS-RXN-33-GLC-6-P/Pi//ALPHA-GLC-6-P/Pi.29.,TRANS-RXN-33
TRANS-RXN-33-GLC-6-P/Pi//D-glucopyranose-6-phosphate/Pi.43.,TRANS-RXN-33
TRANS-RXN-33-GLC-6-P/Pi//GLC-6-P/Pi.23.,TRANS-RXN-33
TRANS-RXN-61,TRANS-RXN-61
TRANS-RXN-90,TRANS-RXN-90
TRANS-RXN-94,TRANS-RXN-94
TRANS-RXN-94A,TRANS-RXN-94A
TRANS-RXN-94B,TRANS-RXN-94B
TRANS-RXN-98-CPD-3611/PROTON//CPD-3611/PROTON.33.,TRANS-RXN-98
TRANS-RXN0-0244,TRANS-RXN0-0244
TRANS-RXN0-201,TRANS-RXN0-201
TRANS-RXN0-203,TRANS-RXN0-203
TRANS-RXN0-204,TRANS-RXN0-204
TRANS-RXN0-209,TRANS-RXN0-209
TRANS-RXN0-227,TRANS-RXN0-227
TRANS-RXN0-228,TRANS-RXN0-228
TRANS-RXN0-235,TRANS-RXN0-235
TRANS-RXN0-279,TRANS-RXN0-279
TRANS-RXN0-280,TRANS-RXN0-280
TRANS-RXN0-281,TRANS-RXN0-281
TRANS-RXN0-282,TRANS-RXN0-282
TRANS-RXN0-283,TRANS-RXN0-283
TRANS-RXN0-417,TRANS-RXN0-417
TRANS-RXN0-418,TRANS-RXN0-418
TRANS-RXN0-447,TRANS-RXN0-447
TRANS-RXN0-457,TRANS-RXN0-457
TRANS-RXN0-481,TRANS-RXN0-481
TRANS-RXN0-486,TRANS-RXN0-486
TRANS-RXN0-491,TRANS-RXN0-491
TRANS-RXN0-492,TRANS-RXN0-492
TRANS-RXN0-495,TRANS-RXN0-495
TRANS-RXN0-496,TRANS-RXN0-496
TRANS-RXN0-501,TRANS-RXN0-501
TRANS-RXN0-501-CPD-18720/Pi//CPD-18720/Pi.27.,TRANS-RXN0-501
TRANS-RXN0-501-FRUCTOSE-6P/Pi//FRUCTOSE-6P/Pi.31.,TRANS-RXN0-501
TRANS-RXN0-502,TRANS-RXN0-502
TRANS-RXN0-502-CPD-15711/Pi//CPD-15711/Pi.27.,TRANS-RXN0-502
TRANS-RXN0-502-CPD-15711/Pi//CPD-15979/Pi.27.,TRANS-RXN0-502
TRANS-RXN0-502-CPD-15711/Pi//MANNOSE-6P/Pi.28.,TRANS-RXN0-502
TRANS-RXN0-502-CPD-15979/Pi//CPD-15711/Pi.27.,TRANS-RXN0-502
TRANS-RXN0-502-CPD-15979/Pi//CPD-15979/Pi.27.,TRANS-RXN0-502
TRANS-RXN0-502-CPD-15979/Pi//MANNOSE-6P/Pi.28.,TRANS-RXN0-502
TRANS-RXN0-502-MANNOSE-6P/Pi//CPD-15711/Pi.28.,TRANS-RXN0-502
TRANS-RXN0-502-MANNOSE-6P/Pi//CPD-15979/Pi.28.,TRANS-RXN0-502
TRANS-RXN0-502-MANNOSE-6P/Pi//MANNOSE-6P/Pi.29.,TRANS-RXN0-502
TRANS-RXN0-503,TRANS-RXN0-503
TRANS-RXN0-504,TRANS-RXN0-504
TRANS-RXN0-519,TRANS-RXN0-519
TRANS-RXN0-520,TRANS-RXN0-520
TRANS-RXN0-523,TRANS-RXN0-523
TRANS-RXN0-534,TRANS-RXN0-534
TRANS-RXN0-541,TRANS-RXN0-541
TRANS-RXN0-574,TRANS-RXN0-574
TRANS-RXN0-574-ALPHA-GLUCOSE//ALPHA-GLUCOSE.29.,TRANS-RXN0-574
TRANS-RXN0-574-ALPHA-GLUCOSE//Glucopyranose.29.,TRANS-RXN0-574
TRANS-RXN0-574-Glucopyranose//ALPHA-GLUCOSE.29.,TRANS-RXN0-574
TRANS-RXN0-574-Glucopyranose//GLC.19.,TRANS-RXN0-574
TRANS-RXN0-574-Glucopyranose//Glucopyranose.29.,TRANS-RXN0-574
TRANS-RXN0-575-MALTOSE//MALTOSE.17.,TRANS-RXN0-575
TRANS-RXN0-576,TRANS-RXN0-576
TRANS-RXN0-582-BETA-D-FRUCTOSE/PTSI-PHOSPHORYLATED//CPD-16154/PTSI-MONOMER.60.,TRANS-RXN0-582
TRANS-RXN0-582-BETA-D-FRUCTOSE/PTSI-PHOSPHORYLATED//FRU1P/PTSI-MONOMER.56.,TRANS-RXN0-582
TRANS-RXN0-582-CPD-10723/PTSI-PHOSPHORYLATED//CPD-16154/PTSI-MONOMER.54.,TRANS-RXN0-582
TRANS-RXN0-582-CPD-10723/PTSI-PHOSPHORYLATED//FRU1P/PTSI-MONOMER.50.,TRANS-RXN0-582
TRANS-RXN0-582-CPD-10725/PTSI-PHOSPHORYLATED//CPD-16154/PTSI-MONOMER.54.,TRANS-RXN0-582
TRANS-RXN0-582-CPD-10725/PTSI-PHOSPHORYLATED//FRU1P/PTSI-MONOMER.50.,TRANS-RXN0-582
TRANS-RXN0-582-CPD-10726/PTSI-PHOSPHORYLATED//CPD-16154/PTSI-MONOMER.54.,TRANS-RXN0-582
TRANS-RXN0-582-CPD-10726/PTSI-PHOSPHORYLATED//FRU1P/PTSI-MONOMER.50.,TRANS-RXN0-582
TRANS-RXN0-582-CPD-15382/PTSI-PHOSPHORYLATED//CPD-16154/PTSI-MONOMER.54.,TRANS-RXN0-582
TRANS-RXN0-582-CPD-15382/PTSI-PHOSPHORYLATED//FRU1P/PTSI-MONOMER.50.,TRANS-RXN0-582
TRANS-RXN0-582-FRU/PTSI-PHOSPHORYLATED//CPD-16154/PTSI-MONOMER.48.,TRANS-RXN0-582
TRANS-RXN0-582-FRU/PTSI-PHOSPHORYLATED//FRU1P/PTSI-MONOMER.44.,TRANS-RXN0-582
TRANS-RXN0-587,TRANS-RXN0-587
TRANS-RXN0-618-PTSI-PHOSPHORYLATED/CPD-10725//PTSI-MONOMER/D-fructopyranose-1-phosphate.73.,TRANS-RXN0-618
TRANS-RXN0-618-PTSI-PHOSPHORYLATED/CPD-10726//PTSI-MONOMER/D-fructopyranose-1-phosphate.73.,TRANS-RXN0-618
TRANS-RXN0-618-PTSI-PHOSPHORYLATED/D-Fructopyranose//PTSI-MONOMER/D-fructopyranose-1-phosphate.80.,TRANS-RXN0-618
TRANS-RXN0-629,TRANS-RXN0-629
TREHALA-RXN[CCO-PERI-BAC]-TREHALOSE/WATER//GLC/ALPHA-GLUCOSE.49.,TREHALA-RXN
UDPMANACATRANS-RXN,UDPMANACATRANS-RXN
UDPMANNACADEHYDROG-RXN,UDPMANNACADEHYDROG-RXN
UNDECAPRENYL-DIPHOSPHATASE-RXN[CCI-PERI-BAC-GN]-UNDECAPRENYL-DIPHOSPHATE/WATER//CPD-9646/Pi/PROTON.68.,UNDECAPRENYL-DIPHOSPHATASE-RXN
UREIDOGLYCOLATE-LYASE-RXN,UREIDOGLYCOLATE-LYASE-RXN
